-- MySQL dump 10.13  Distrib 8.0.19, for Win64 (x86_64)
--
-- Host: localhost    Database: musicwebreplace
-- ------------------------------------------------------
-- Server version	8.0.19

/*!40101 SET @OLD_CHARACTER_SET_CLIENT=@@CHARACTER_SET_CLIENT */;
/*!40101 SET @OLD_CHARACTER_SET_RESULTS=@@CHARACTER_SET_RESULTS */;
/*!40101 SET @OLD_COLLATION_CONNECTION=@@COLLATION_CONNECTION */;
/*!50503 SET NAMES utf8mb4 */;
/*!40103 SET @OLD_TIME_ZONE=@@TIME_ZONE */;
/*!40103 SET TIME_ZONE='+00:00' */;
/*!40014 SET @OLD_UNIQUE_CHECKS=@@UNIQUE_CHECKS, UNIQUE_CHECKS=0 */;
/*!40014 SET @OLD_FOREIGN_KEY_CHECKS=@@FOREIGN_KEY_CHECKS, FOREIGN_KEY_CHECKS=0 */;
/*!40101 SET @OLD_SQL_MODE=@@SQL_MODE, SQL_MODE='NO_AUTO_VALUE_ON_ZERO' */;
/*!40111 SET @OLD_SQL_NOTES=@@SQL_NOTES, SQL_NOTES=0 */;

--
-- Table structure for table `album`
--

DROP TABLE IF EXISTS `album`;
/*!40101 SET @saved_cs_client     = @@character_set_client */;
/*!50503 SET character_set_client = utf8mb4 */;
CREATE TABLE `album` (
  `id` int NOT NULL AUTO_INCREMENT,
  `name` varchar(50) COLLATE utf8mb4_vietnamese_ci DEFAULT NULL,
  `liked` int DEFAULT NULL,
  `artist_id` int DEFAULT NULL,
  PRIMARY KEY (`id`),
  KEY `artist_id` (`artist_id`),
  CONSTRAINT `album_ibfk_1` FOREIGN KEY (`artist_id`) REFERENCES `artist` (`id`)
) ENGINE=InnoDB AUTO_INCREMENT=21 DEFAULT CHARSET=utf8mb4 COLLATE=utf8mb4_vietnamese_ci;
/*!40101 SET character_set_client = @saved_cs_client */;

--
-- Dumping data for table `album`
--

LOCK TABLES `album` WRITE;
/*!40000 ALTER TABLE `album` DISABLE KEYS */;
INSERT INTO `album` VALUES (4,'Sơn Tùng MTP - Album 1',0,2),(5,'Bich Phương - Album 1',26,5),(6,'B Ray - Album 1',5,6),(8,'Bich Phương - Album 2',5,5),(9,'Noo Phước Thịnh - Album 1',7,1),(10,'XXXTENTACION - Album 1',10,17),(12,'Bích Phương - Alabum 3',2,5),(13,'XXXTENTACION - Album 2',0,17),(14,'Xin Gọi Nhau Là Cố Nhân',0,3),(15,'Sơn Tùng MTP - Album 2',0,2),(16,'Bích Phương - Alabum 4',0,5),(17,'Alan Walker - Album 1',0,31),(18,'Đạt G - Album 1',0,23),(19,'Camila Cavello - Album 1',0,33),(20,'Martin Garrix - Album 1',0,34);
/*!40000 ALTER TABLE `album` ENABLE KEYS */;
UNLOCK TABLES;

--
-- Table structure for table `album_song`
--

DROP TABLE IF EXISTS `album_song`;
/*!40101 SET @saved_cs_client     = @@character_set_client */;
/*!50503 SET character_set_client = utf8mb4 */;
CREATE TABLE `album_song` (
  `album_id` int NOT NULL,
  `song_id` int NOT NULL,
  PRIMARY KEY (`song_id`,`album_id`),
  KEY `album_id` (`album_id`),
  CONSTRAINT `album_song_ibfk_1` FOREIGN KEY (`song_id`) REFERENCES `song` (`id`),
  CONSTRAINT `album_song_ibfk_2` FOREIGN KEY (`album_id`) REFERENCES `album` (`id`)
) ENGINE=InnoDB DEFAULT CHARSET=utf8mb4 COLLATE=utf8mb4_vietnamese_ci;
/*!40101 SET character_set_client = @saved_cs_client */;

--
-- Dumping data for table `album_song`
--

LOCK TABLES `album_song` WRITE;
/*!40000 ALTER TABLE `album_song` DISABLE KEYS */;
INSERT INTO `album_song` VALUES (4,83),(4,84),(4,85),(4,86),(4,102),(5,22),(6,11),(8,22),(9,21),(10,12),(10,14),(12,22),(12,30),(12,33),(12,34),(12,35),(12,36),(13,12),(14,103),(14,104),(15,19),(15,83),(16,34),(16,35),(17,87),(17,89),(17,90),(18,39),(18,41),(18,42),(19,99),(19,100),(20,105),(20,106);
/*!40000 ALTER TABLE `album_song` ENABLE KEYS */;
UNLOCK TABLES;

--
-- Table structure for table `artist`
--

DROP TABLE IF EXISTS `artist`;
/*!40101 SET @saved_cs_client     = @@character_set_client */;
/*!50503 SET character_set_client = utf8mb4 */;
CREATE TABLE `artist` (
  `id` int NOT NULL AUTO_INCREMENT,
  `name` varchar(100) COLLATE utf8mb4_vietnamese_ci DEFAULT NULL,
  `img` text COLLATE utf8mb4_vietnamese_ci,
  `description` text COLLATE utf8mb4_vietnamese_ci,
  `liked` int DEFAULT NULL,
  PRIMARY KEY (`id`)
) ENGINE=InnoDB AUTO_INCREMENT=36 DEFAULT CHARSET=utf8mb4 COLLATE=utf8mb4_vietnamese_ci;
/*!40101 SET character_set_client = @saved_cs_client */;

--
-- Dumping data for table `artist`
--

LOCK TABLES `artist` WRITE;
/*!40000 ALTER TABLE `artist` DISABLE KEYS */;
INSERT INTO `artist` VALUES (1,'Noo Phước Thịnh','/resources/img/noo-phuoc-thinh.jpg','Noo Phước Thịnh',12121),(2,'Sơn Tùng MTP','/resources/img/st-mtp.jpg','M-TP tên thật là Nguyễn Thanh Tùng. Cậu thanh niên sinh năm 1994 ở Thái Bình sớm bị hip hop hớp hồn giống như bao bạn bè đồng trang lứa. Và với niềm đam mê này, M-TP quyết tâm khăn gói tới Hà Nội học hỏi thêm về hip hop. Sau khi tốt nghiệp cấp 3, anh chàng dự định sẽ đầu quân làm học viên tại Học viện M4Me để rèn dũa khả năng ca hát, sáng tác... trước khi chính thức theo đuổi con đường âm nhạc.\n\nNgoài đam mê ca hát, M-TP còn có khả năng sáng tác, chơi piano và nhảy cực đỉnh. Với thế mạnh này, anh chàng không ngừng cố gắng học tập các bậc đàn anh đàn chị và đã có trong tay một hành trang khá khủng những sáng tác của riêng mình.\n\nSự nghiệp âm nhạc:\n\nTháng 8/2011: M-TP phát hành ca khúc Cơn Mưa Ngang Qua lên mạng, ngay lập tức nó trở thành một ca khúc hot lúc bấy giờ khi mà chỉ sau hai tháng, đã có hơn 1.7 triệu lượt nghe - con số mà những ca sĩ kỳ cựu như Đàm Vĩnh Hưng, Hồ Ngọc Hà... cũng phải mơ ước.\n\nNăm 2012, với tổng điểm 25,5đ, M-TP trở thành thủ khoa Nhạc viện TP.HCM. Cậu chia sẻ rằng chia sẻ cảm xúc: Mặc dù khá tự tin sau khi kết thúc buổi thi nhưng mình vẫn không khỏi ngạc nhiên và hạnh phúc khi biết được kết quả thi. Đây thực sự là một món quà vô cùng ý nghĩa để bù đắp cho những nỗ lực của mình trong suốt thời gian ôn luyện vừa qua\n\nĐể lại nhiều ấn tượng trong lòng khán giả khi M-TP trình diễn thành công ca khúc Cơn Mưa Ngang Qua tại Bài Hát Yêu Thích tháng 10/2012 và tiếp tục nhận giải thưởng hát hát yêu thích của tháng trong chương trình là động lực rất lớn cho M-TP tiếp tục phấn đấu trong con đường âm nhạc chuyên nghiệp. Sau Bài Hát Yêu Thích, M-TP còn được mời tham gia biểu diễn trong đêm công bố kết quả Top 9 Vietnam Idol 2012.\n\nTại Zing Mp3, Cơn Mưa Ngang Qua như là cú hít đầu tiên của cậu ca sĩ trẻ M-TP bước vào làng nhạc trẻ. Tính đến tháng 11/2014, ca khúc đạt được 64,278,735 lượt nghe.\n\nNăm 2013, anh đầu quân về công ty Văn Production JSC của nhạc sĩ Huy Tuấn và chính thức đổi nghệ danh thành Sơn Tùng M-TP để hoạt động âm nhạc chuyên nghiệp. Vào giữa năm, Sơn Tùng phát hành 2 đĩa đơn Đừng Về Trễ và Em Của Ngày Hôm Qua trong đó Đừng Về Trễ đoạt giải Bài hát yêu thích\n\nVới Em Của Ngày Hôm Qua, ca khúc này đã trở thành một bài hit lớn trong sự nghiệp của Sơn Tùng M-TP khi ca khúc này liên tiếp chiếm giữ vị trí số 1 tại bảng xếp hạng của Zing Mp3 ở cả hai hạng mục là Bài hát và Video clip. 08/09/2014, MV Em Của Ngày Hôm Qua chính thức đạt hơn 40 triệu lượt xem trên Youtube trong vòng 9 tháng. Đây là một con số kỷ lục đối với MV nhạc Việt tình cho thời điểm bấy giờ. Dù gặp phải rất nhiều ý kiến xung quanh việc đạo nhạc nhưng không thể phủ nhận sức nóng của những ca khúc mà Sơn Tùng biểu diễn kể từ Nắng Ấm Xa Dần, Cơn Mưa Ngang Qua\n\nVào đầu năm 2014, anh hợp tác với Phương Thanh, Quang Dũng, Vy Oanh, Ngô Kiến Huy, Ông Cao Thắng, Đông Nhi, Hồ Trung Dũng, Phương Vy và Đinh Hương, tất cả cùng nhau có mặt trong ca khúc mang tên Sống Như Những Đóa Hoa và cũng được phát hành làm đĩa đơn.\n\nCùng trong năm 2014, Sơn Tùng M-TP đảm nhận vai nam chính trong bộ phim nhựa Chàng Trai Năm Ấy của đạo diễn Quang Huy. Việc anh hóa thân vào ca sĩ Wanbi Tuấn Anh trên màn ảnh rộng đã thu hút được rất nhiều sự quan tâm từ truyền thông và người hâm mộ.\n\nNgày 23/10/2014, ca khúc trích trong bộ phim Chàng Trai Năm Ấy do Sơn Tùng M-TP sáng tác và thể hiện mang tên Chắc Ai Đó Sẽ Về ra mắt đầu tiên tại Zing Mp3, từ hiện tượng Em Của Ngày Hôm Qua ca khúc này lập tức trở thành bài hit khác của Sơn Tùng, chỉ trong vòng 24 giờ ra mắt Chắc Ai Đó Sẽ Về đã đạt được gần 5 triệu lượt nghe.\n\nTuy nhiên, cũng như Em Của Ngày Hôm Qua khi ra mắt, ca khúc này dính ngay nghi án đạo nhạc từ một ca khúc khác của Hàn Quốc mang tên Because I Miss You do trưởng nhóm CN Blue, Jung Yong Hwa trình bày, ca khúc này trích trong bộ truyền hình tại Hàn Quốc mang tên Heartstrings. Vấn đề đạo nhạc của ca khúc Chắc Ai Đó Sẽ Về đã trở thành đề tài tranh luận gay gắt trên các phương tiện truyền thông, nhiều nhạc sĩ tên tuổi đã vào cuộc để mổ xẻ, phân tích chuyên môn về hai ca khúc này. Ca khúc Chắc Ai Đó Sẽ Về và bộ phim Chàng Trai Năm Ấy trở thành tâm điểm của giới truyền thông trong suốt thời gian đấy.\n\nSau khi nhận được đơn giải trình từ đạo diễn Nguyễn Quang Huy, Cục Bản quyền đã đề nghị Hội Âm nhạc họp để đánh giá ca khúc này có đạo nhạc hay không. Hội Âm nhạc gồm các nhạc sĩ tên tuổi như Phó Đức Phương, Trương Ngọc Ninh, Võ Thiện Thanh, Đỗ Bảo… đã có cuộc họp kín vào sáng 10/11/2014 và tất cả đều tán đồng ý kiến ca khúc Chắc Ai Đó Sẽ Về là sản phẩm đạo nhạc. Ý kiến trong cuộc họp này được cấu thành văn bản và gửi đến Cục Bản quyền để đề nghị xử lý. Nhạc sĩ Phó Đức Phương bình luận, Sơn Tùng M-TP đã đạo nhạc một cách tinh vi. Còn nhạc sĩ Trương Ngọc Ninh cho biết, ca khúc của Sơn Tùng giống bản gốc tới 80%.\n\nVới kết quả trên, vô hình chung đã ảnh hưởng đến tiến độ ra mắt của bộ phim Chàng Trai Năm Ấy, dự kiến ra rạp vào ngày 14/11/2014. Đạo diễn của bộ phim là Nguyễn Quang Huy quyết định dời ngày công chiếu vì những vấn đề liên quan đến ca khúc Chắc Ai Đó Sẽ Về.\n\nTrong thời cùng gian trên, Sơn Tùng M-TP nhiều lần bị tố tự hủy show diễn, đền hợp đồng biểu diễn.. Cho đến việc lùm xùm hợp đồng với công ty quản lý của mình, cụ thể là Văn Production JSC. Tất cả những sự việc không hay trên ít nhiều đã ảnh hưởng đến sự nghiệp của Sơn Tùng M-TP khi tài năng và sức trẻ đang ở trong giai đoạn bắt đầu phát triển.Đầu năm 2015, Sơn Tùng M-TP tham gia chương trình thực tế The Remix - Hòa âm Ánh sáng. Qua từng đêm thi, anh khẳng định được tài năng và thực lực của bản thân với các tiết mục đầu tư nghiêm túc, những màn trình diễn độc đáo, cùng khả năng sáng tác cực ổn với các ca khúc như Thái Bình mồ hôi rơi, Khuôn mặt đáng thương, Cơn mưa ngang qua...[9]\n\nTháng 7 năm 2015, kỷ niệm sinh nhật lần thứ 21 của mình, Sơn Tùng M-TP đã tổ chức một mini-show kết hợp buổi fan-meeting đầu tiên trong sự nghiệp mang tên “M-TP and Friends”. Chỉ trong vòng 2 tuần sau khi mở bán, 8.000 vé đã được bán hết.Ngày 24 tháng 1 năm 2016, Sơn Tùng M-TP tung ra MV Một năm mới bình an.2017: Rời khỏi WePro, thành lập M-TP Entertainment. Lạc trôi và Nơi này có anhNgày 22 tháng 8 năm 2017 , Sơn Tùng kết hợp với SlimV ra bản remix mới của Remember Me\n\nNgày 8 tháng 9 năm 2017 , Sơn Tùng ra mắt Music Video 360 Lạc Trôi do TRIPLE D Remix\n\nNgày 30 tháng 9 năm 2017, Sơn Tùng ra mắt tự truyện Chạm tới giấc mơ, bán được 10000 bản trong 2 ngày.\n',0),(3,'Quang Lê','/resources/img/quang-le.jpg','Quang Lê',4),(4,'Phương Ly','/resources/img/phuong-ly.jpg','Phương Ly',3),(5,'Bích Phương','/resources/img/bich-phuong.jpg','Bích Phương',1116),(6,'B Ray','/resources/img/bray.jpg','B Ray (Trần Thiện Thanh Bảo)',8),(7,'Đàm Vĩnh Hưng','/resources/img/dam-vinh-hung.jpg','Đàm Vĩnh Hưng',8),(8,'Lệ Quyên','/resources/img/le-quyen.jpg','Lệ Quyên',6),(9,'Mỹ Tâm','/resources/img/my-tam.jpg','Mỹ Tâm',9),(10,'Vũ Cát Tường','/resources/img/vu-cat-tuong.jpg','Vũ Cát Tường',10),(11,'Sea Chains','/resources/img/sea-chains.jpg','Sea Chains',13),(12,'Bruno Mars','/resources/img/bruno-mars.jpg','Bruno Mars',100),(13,'Phan Mạnh Quỳnh','/resources/img/phan-manh-quynh.jpg','Phan Mạnh Quỳnh',146),(15,'Đen Vâu','/resources/img/den-vau.jpg','Đen Vâu',2326),(16,'Test 3','/resources/img/me.jpg','Test Add 3',43),(17,'XXXTENTACION','/resources/img/xxxtentacion.jpg','XXXTentacion',67),(19,'Test Arist 1','/resources/img/fr.jpg','Test Artist 1',112),(20,'Test Artist 2','/resources/img/signInBG.jpg','Test Artist 2',10002),(23,'Đạt G','/resources/img/dat_g.jpg','Đạt G tham gia giới underground và là thành viên của Vietcover Squad team, có mối quan hệ thân thiết với Masew và B Ray.\nNăm 2017, ca khúc ballad \"Buồn Của Anh\" (cùng K-ICM và Masew) được đón nhận nồng nhiệt, Đạt G được giới nghe nhạc chú ý.\nNửa năm sau, \"Buồn Không Em\" tiếp tục thành công không kém, mở đường cho sự nghiệp của Đạt G, anh có liên tiếp những bản hit được đón nhận như \"Thêm Bao Nhiêu Lâu\", \"Khó Vẽ Nụ Cười\" và \"Bánh Mì Không\" với DuUyen... với lợi thế pha trộn giữa rap và giai điệu ballad lôi cuốn người nghe.\nĐạt G cũng là tác giả của nhiều bản hit triệu lượt nghe như \"Anh Ơi Ở Lại\" của Chi Pu, \"Có Như Không Có\" của Hiền Hồ hay \"Còn Thương Thì Không Để Cho Em Khóc\" của Miu Lê...\n',0),(24,'Đình Dũng','/resources/img/dinh_dung.jpg','Học nhạc tạo Cao đẳng nghệ thuật Hà Nội năm 2010.\nSau 8 năm học tập chuyên nghiệp thì phát hành ca khúc đầu tay \"Bán Duyên\".\n',0),(25,'ERIK','/resources/img/erik.jpg','ERIK tham gia Giọng Hát Việt Nhí năm 2013 và dừng lại ở vị trí top 15.\nNăm 2014, anh tham gia cuộc thi của St.319 Entertainment và trở thành thực tập sinh.\nNăm 2016, ERIK debut với ca khúc Pop ballad \"Sau Tất Cả\". Ca khúc nhanh chóng trở thành cơn sốt đối với giới trẻ.\nNăm 2017, ERIK rời công ty. Anh kết hợp với MIN trong ca khúc \"Ghen\". Bài hát là bước tiến nổi bật trong sự nghiệp ca hát của anh.\nTừ 2018 đến nay, ERIK đều đặn ra mắt các bản hit: \"Chạm Đáy Nỗi Đau\" (2018), \"Đừng Có Mơ\" (2018), \"Anh Ta Là Sao\" (2019), \"Có Tất Cả Nhưng Thiếu Anh\" (2019)...\nĐầu năm 2020, phiên bản mới của \"Ghen\" là \"Ghen Cô Vy\" ra mắt trong thời điểm dịch COVID-19 được đón nhận, không chỉ trong nước mà cả trên thế giới.\n',0),(26,'Jack','/resources/img/jack.jpg','Với niềm đam mê ca hát, Jack từ bỏ con đường sư phạm và gia nhập nhóm hiphop G5R.\nNăm 2019, Jack ra mắt ca khúc \"Hồng Nhan\". Bài hát nhanh chóng trở thành một hiện tượng trong giới trẻ Việt Nam.\nThừa thắng xông lên, Jack kết hợp cùng K-ICM ra mắt \"Bạc Phận\", và cũng như trước đó, hài hát nhanh chóng dẫn đầu các bảng xếp hạng âm nhạc trong nước.\nCũng trong thời gian này, Jack quyết định đầu quân về công ty ICM, chung một nhà với K-ICM. Bộ đôi liên tiếp ra mắt những ca khúc \"khủng\" như: \"Sóng Gió\", \"Em Gì Ơi\"...\nCuối năm 2019, sau những lùm xùm với K-ICM và công ty quản lý, Jack rời khỏi ICM.\nĐầu năm 2020, Jack ra mắt ca khúc \"Là Một Thằng Con Trai\" đánh dấu điểm khởi đầu cho sự nghiệp solo của anh.\n',0),(27,'Lê Bảo Bình','/resources/img/Le_Bao_Binh.jpg','Lê Bảo Bình sinh năm 1990 ở Hà Nội được biết đến là một ca sĩ , nhạc sĩ không còn xa lạ gì với giới trẻ Việt Nam anh đang là cái tên gây sốt trong cộng đồng mạng với loạt ca khúc nói về gia đình, cha mẹ, những người tha hương xa nhà rất nhiều ý nghĩa. Hiện tại Lê Bảo Bình có khá nhiều ca khúc Hot do chính anh sáng tác được đông đảo người hâm mộ yêu thích như: Hỏi Thăm Nhau , Người Phản Bội , Yêu Vội Vàng , Kết Thúc Lâu Rồi ,Để Cho Anh Khóc , Chẳng Bao Giờ Quên , Tập Cô Đơn ....\nAnh được rất nhiều khán giả trẻ Việt Nam yêu mến. Hiện tại, Lê Bảo Bình đã tạo dựng được cho mình một chỗ đứng vững chắc trong làng âm nhạc Việt Nam. Anh đã thu hút một lượng lớn người theo dõi trang cá nhân và kênh youtube của mình, điển hình là trang Fanpage cá nhân Lê Bảo Bình với hơn 1,6 triệu người theo dõi . Những sản phẩm âm nhạc của Lê Bảo Bình thu hút được hàng triệu lượt xem, hàng ngàn lượt chia sẻ giúp Lê Bảo Bình trở thành hiện tượng âm nhạc đang được cư dân mạng săn đón và rất đắt show trong các Bar Club Vũ Trường tại Việt Nam.\nBên cạnh ca hát, Lê Bảo Bình còn sáng tác và tự thể hiện những ca khúc của riêng mình, ngoài ra Lê Bảo Bình còn tự tay quay những MV ca nhạc cho bản thân. Dù chỉ với một góc máy, biểu cảm quen thuộc, nhưng cũng đủ để những sản phẩm âm nhạc của anh chàng có được hiệu ứng lan truyền rộng rãi. Các album đã phát hành: Xem Nhau Là Dĩ Vãng (2012) Yêu Thương Chỉ Còn Trong Mơ (Single) (2012) Người Luôn Hạnh Phúc (2013) Không Quan Trọng (2013) Vợ Là Nhất (2014) Yêu Lắm Luôn Ý (Single) (2015) Nhớ Gia Đình (2015) Mặc Kệ Ngày Mai (2015) Hỏi Thăm Nhau (2016) Người Phản Bội ( 2017 ) Phải Thế Thôi (2018).',0),(28,'Min','/resources/img/min.jpg','MIN đã có một bước đột phá mới trong sự nghiệp nghệ thuật, khi giới thiệu tới báo giới và người yêu nhạc ca khúc TÌM như một khởi đầu tốt đẹp cho con đường ca hát chuyên nghiệp.\n\nTÌM là một trong những ca khúc được tìm nghe nhiều nhất trên mạng xã hội, trong tháng 12/2013, và cũng là sản phẩm mở đường, giúp Min thêm nhiều cơ hội hợp tác cùng các nghệ sĩ trẻ khác.\n\nVới giọng hát tình cảm ngọt ngào và cá tính, có thể nói rằng, Min như một cơn gió lạ, một hình tượng mới của giới nghệ thuật Việt Nam, đang từng bước khẳng định được chính mình với sự ủng hộ của thế hệ trẻ.\n\n2017 phát hành các singles như Ghen, Chưa Bao Giờ Mẹ Kể, Có Em Chờ......',0),(29,'Minh Vương M4U','/resources/img/minh_vuong_m4u.jpg','Năm 2007, Minh Vương tham gia nhóm M4U từ những ngày đầu thành lập.Sau khi nhóm M4U tan rã, Minh Vương trở thành ca sĩ solo, anh lấy nghệ danh Minh Vương M4U để hoạt động. Vào năm 2008, Minh Vương M4U sáng tác và trình bày ca khúc \"Mưa\", sau đó là \"Nhớ Em',0),(30,'Mr Siro','/resources/img/mr_siro.jpg','Là một nhạc sỹ có khả năng tự trình bày những ca khúc do chính anh sáng tác được khán giả đặc biệt yêu thích. Từ năm 2008, Mr. Siro sớm có được những bài HIT đầu tay như Em, Melancholy, Mây, Giấc Mơ Của Anh, I miss you từ năm cho đến gần đây (2012, 2013, 2014) Mr. Siro lập HIT liên tục với những sáng tác liên tiếp đứng đầu các bảng xếp hạng trong suốt nhiều tuần liền như Lắng Nghe Nước Mắt, Bức Tranh Từ Nước Mắt, Không Cần Thêm Một Ai Nữa (ft BigDaddy), Em Đã Sai Vì Em Tin (Bích Phương). Gần đây nhất là bài Em Gái Mưa (Hương Tràm) đang nằm trong top bảng xếp hạng của Zing MP3.\nNăm 2013, anh đạt nhiều giải thưởng quan trọng do Làn Sóng Xanh và Zing Music Award trao giúp con đường âm nhạc của ngày ngày một rộng mở hơn.\nVô Hình Trong Tim Em là một sáng tác mà Mr. Siro muốn làm mới dòng nhạc sở trường của mình, hiện đại hơn so với những bài ballad êm dịu trước đó nhưng vẫn giữ được sự sâu sắc trong ca từ và sự mượt mà trong giai điệu. Ca khúc vừa tung ra đã nhanh chóng tạo được sức ảnh hưởng trên cộng đồng mạng khi liên tục được khán giả chia sẻ và đăng tải trên các mạng xã hội.\nÂm nhạc mr. Siro luôn nhẹ nhàng, nhưng lại da diết và mang cảm giác day dứt, ám ảnh rất sâu mỗi khi nghe. Ngoài những bản tình ca luôn chạm được đến trái tim khán giả, Mr. Siro còn là người thầy rất có tâm, có trách nhiệm đặc biệt đối với những tài năng âm nhạc trẻ mà anh đang dẫn dắt. Trong thời gian sắp tới mr. Siro hy vọng sẽ tiếp tục gặt hái được nhiều thành công hơn nữa.\n',0),(31,'Alan Walker','/resources/img/alan_walker.jpg','Chàng trai Na Uy 18 tuổi bất ngờ được cả thế giới biết đến sau khi một trong trong những ca khúc đầu tay trở thành hiện tượng EDM toàn cầu.\nTrả lời phỏng vấn Mashable, nghệ sĩ trẻ không giấu khỏi tự hào khi Faded bất ngờ trở thành hiện tượng EDM tại Na Uy năm nay. Bài hát có sự góp giọng của nhạc sĩ/ca sĩ Iselin Solheim dựa trên nguyên gốc ca khúc Fade từng ra mắt cách đây 2 năm. Sau khi trở thành hiện tượng EDM, bài hát nhanh chóng được những DJ hàng đầu thế giới như Tiësto, Hardwell, Dash Berlin... lấy cảm hứng để cho ra mắt nhiều phiên bản remix khác nhau.\n\n\nSinh ra và lớn lên tại Bergen, Na Uy, Alan Walker sở hữu tài năng âm nhạc thiên bẩm ngay từ khi còn là một đứa trẻ với khả năng chơi thành thạo nhiều loại nhạc cụ như piano, violin, guitar... và bắt đầu theo đuổi sự nghiệp sáng tác từ khi mới 14 tuổi. Trong một lần nghe một bản mix của Ness, anh bất chợt có cảm hứng và tìm mọi cách liên lạc với DJ người Italy để xin theo học sản xuất âm nhạc. Nhờ sự dìu dắt của Ness, Walker bắt đầu lên ý tưởng và sản xuất tác phẩm đầu tay bằng laptop qua một phần mềm nổi tiếng dành cho DJ nghiệp dư mang tên FruityLoop.',0),(32,'Backstreet Boys','/resources/img/backstreet_boys.jpg','Backstreet Boys là một ban nhạc của Hoa Kỳ đã từng được đề cử giải Grammy. Lần trình diễn đầu tiên của nhóm là vào tháng 7 năm 1997. Backstreet Boys đã từng đứng thứ 12 trong top 40 của bảng xếp hạng Billboard Hot 100 của Mỹ, và bán được trên 130 triệu album trên toàn thế giới riêng tại Mỹ là 38 triệu album, là ban nhạc nam bán được nhiều album nhất thế giới và kiếm được nhiều tiền nhất thế giới từ năm 1997 đến 2005 (khoảng 533,1 triệu USD.\nSau khi trở lại với thế giới âm nhạc năm 2005, phong cách hát của họ thay đổi thành nhạc kịch kết hợp với các nhạc cụ âm nhạc (có một vài bài thành viên của nhóm tự chơi) và âm thanh guitar của nhạc pop rock. Hiện tại nhóm có bốn thành viên là Nick Carter, Howie Dorough, Brian Littrell, và A. J. McLean. Một thành viên chính thức là Kevin Richardson đã rời nhóm vào ngày 23 tháng 6 năm 2006, nhưng bốn thành viên còn lại vẫn quyết định quay trở lại với ca hát.\nBackstreet Boys đã bán hơn 130 triệu đĩa nhạc trên toàn thế giới và trở thành ban nhạc có lượng đĩa bán chạy nhất mọi thời đại. Theo Billboard, họ là ban nhạc đầu tiên sau ban Shade có 7 album đầu tiên lọt vào top 10 trên Billboard 200.\n\nThành tích:\n\n● Theo Sách kỷ lục Guinness thế giới, trong năm 2001, “Ban nhạc năm lớn nhất trong lịch sử” là Backstreet Boys khi họ đã bán được 13 triệu bản album Millennium trong tháng 3 năm 2001.\n● Theo RIAA, Backstreet Boys đã bán được trên 30 triệu bản trên toàn thế giới 2 đĩa đầu tiên của họ, Backstreet Boys (32 triệu) và Millennium (34 triệu).\nBackstreet Boys là nhóm nhạc duy nhất trong lịch sử của Mỹ có tới 3 giải thưởng Album Kim cương liên tiếp nhau, kỷ niệm khi họ đã bán được trên 10 triệu bản album.\n● Thành viên của Backstreet Boys trở thành những nghệ sĩ kiếm được nhiều tiền nhất thế giới từ những buổi trình diễn và bán album với 534 triệu USD theo thông tin từ Jive và tạp chí Celender.\nBackstreet Boys đã có 8 lần trình diễn tại lễ trao giải Grammy năm 2000.\n● Tháng 8 năm 1998, 50 fans hâm mộ were treated for various injuries including hyperventilation and fainting at a concert in Alberta.\n● Backstreet Boys là nhóm nhạc duy nhất nhận được 4 giải thưởng World Music Awards trong vòng 3 năm từ 1999-2001.\n● Theo Jive, nhóm là \"ban nhạc nam bán được nhiều album nhất mọi thời đại”, nhóm đã bán được trên 100 triệu bản album trên toàn thế giới.\n14 triệu USD là số tiền thu được trong tour diễn \"Into The Millennium\" năm 1999.\n● Năm 2000, 60 người tới dự buổi diễn tại Washington đã bị thương do chen lấn xô đẩy.\nBackstreet Boys đã bán được tổng cộng 200 triệu cuốn sách.\n● \"I Want It That Way.\" Đã đứng thứ 10 trong danh sách những bài nhạc Pop hay nhất của Rolling Stone & Top MTV\'s 100.\n● Backstreet Boys đứng thứ 22 trong Top 500 nghệ sĩ nhạc Pop trong vòng 25 năm trong năm 2005.\n● Ban nhạc đã trình diễn bài quốc ca Mỹ tại Super Bowl XXXV ở Tampa, Florida năm 2001.\nNăm 2001 trên một triệu vé cho tour diễn \"2001 Black & Blue U.S. Tour\" đã được bán trong vòng 24 giờ.\n● \"I\'ll Never Break Your Heart\" đứng thứ nhất trong phần đầu tiên của những video được yêu cầu trê n MTV\'s Total Request Live năm 1998.\n● Năm 1998, Orlando quyết định lấy ngày 7 tháng 10 hằng năm là “ngày Backstreet Boys\" trong danh dự bởi chương trình ban nhạc tổ chức giúp đỡ những nạn nhân chịu sự tàn phá của cơn bão đã ủng hộ 250.000 USD cho địa phương.\n● Năm 2002, thị trưởng Baltimore, Maryland, chính thức lấy ngày 2 tháng 3 hằng năm, là “Ngày Backstreet Boys\" kết hợp với sự thỏa thuận với các fan của nhóm.\n● Tháng 4 2006, Backstreet Boys được hiệp hội thu âm danh dự tặng thưởng cho những thành công và đóng góp của nhóm với nền công nghiệp âm nhạc.\nKể từ sau sự ra đi của Kevin Richardson, bốn chàng trai còn lại trong nhóm Backstreet Boys đã miệt mài tiếp tục sự nghiệp âm nhạc bằng hai album “Unbreakable” (2007) và “This Is Us” (2009) cùng với các tour diễn vòng quanh thế giới. Tuy nhiên, cùng với quá trình thay đổi phong cách âm nhạc của nhóm và sự ra đi của thành viên Kevin Richardson (23/6/2006), hai album này đã không đạt được những thành công như mong đợi.\n\nNhưng điều đó sẽ không phải là kịch bản tiếp theo của Backstreet Boys trong các album mới khi ngày 17/7 vừa qua những chàng trai “đường phố” này đã xuất hiện trên kênh ABC News cùng với Kevin Richardson. Tại đây, các thành viên vui mừng thông báo Kevin Richardson sẽ chính thức tái hợp với nhóm trong chương trình hòa nhạc mùa hè “Good Morning America” diễn ra ngày 31/8 tới tại Central Park – New York',0),(33,'Camila Cavello','/resources/img/camila_cabello.jpg','Camila Cabello là một ca sĩ người Mỹ gốc Cuba. Trên tư cách là thành viên của nhóm nhạc nữ Fifth Harmony, Camila và những người bạn cùng nhóm đã phát hành một đĩa mở rộng và 2 album phòng thu. Đến tháng 12 năm 2016, cô được thông báo đã rời khỏi nhóm nhạc. Với tư cách nghệ sĩ chính, các bản song ca \"I Know What You Did Last Summer\" với Shawn Mendes và \"Bad Things\" với Machine Gun Kelly, đã lọt top 20 tại bảng xếp hạng Billboard Hot 100 của Hoa Kỳ, trong đó bài hát thứ hai trong số kể trên đạt vị trí thứ 2. \"Havana\", đĩa đơn mở đường cho album phòng thu solo đầu tay của cô Camila (2018), đã lọt top 5 của rất nhiều nước trên thế giới bao gồm cả Hoa Kỳ và giúp cô có đĩa đơn quán quân đầu tiên tại Úc, Canada, Ireland và Anh Quốc\nAlbum : Havana (Single) , Camila , Crying In The Club (Single) , I Know What You Did Last Summer (Single) , OMG (Single) , Bad Things (Single) , CROWN (Single) , I Have Questions (Single)',0),(34,'Martin ','/resources/img/martin_garrix.jpg','Martijn Garritsen (sinh 14 tháng 5 năm 1996), thường được biết đến với nghệ danh là Martin Garrix, là một DJ, nhà soạn nhạc, nhạc sĩ và nhà sản xuất người Hà Lan. Anh được biết đến với các ca khúc \"Animals\", một trong 10 bài Top 10 hit tại hơn 10 quốc gia; bài hát cũng đã đạt vị trí số 1 tại Bỉ và Vương quốc Anh, và số 3 ở Ireland. Đĩa đơn \"Wizard\", được sản xuất với Jay Hardway cũng đã thành công ở nhiều quốc gia trong năm 2014. Ra mắt ở vị trí thứ 40 của tạp chí DJ \'s.Trong Top 100 DJ\'s, anh hiện đang đứng thứ 3.\n\nNăm 2004, anh muốn trở thành một DJ sau khi nhìn thấy Tiësto biểu diễn tại Thế vận hội Athens. Anh bắt đầu tải phần mềm cho DJ chuyên nghiệp FL Studio và từ đó cho phép anh bắt đầu sáng tác. Garritsen gần đây đã tốt nghiệp ở trường Herman Brood Academy, một trường sản xuất ở Utrecht. Martin Garrix sử dụng nhiều bí danh, GRX là một trong số đó. Anh cũng viết bài hát cho các nghệ sĩ khác, bất chấp điều này, chỉ có một trong năm mươi bài hát của mình đã làm được ra mắt cho công chúng.\n\nGarritsen đã có sự khởi đầu của mình với bài hát \"BFAM\", một đồng phát hành với Julian Jordan. Năm 2012, anh đoạt giải thưởng SLAM!FM DJ Talent của năm. Cũng trong năm 2012, bài remix \"Your Body\" của anh đã được Christina Aguilera phát hành trong phiên bản deluxe album Lotus của cô. Bài hát được viết bởi Max Martin, Shellback và Savan Kotecha. Track nhạc \"Just some Loops\", một sự hợp tác với TV Noise xuất hiện trên album Loop Masters Essential, Volume 2. Anh gia nhập hãng đĩa Spinnin\' Records vào năm 2012, phát hành \" Error 404\" thông qua hãng đĩa.\n\nTrong năm 2013, Garrix đồng phát hành \"Torrent\" với Sidney Samson trên hãng đĩa Freedom Musical Tiësto. Danh tiếng của Garrix được nổi lên đáng kể thông qua ca khúc solo riêng của mình \"Animals\" phát hành vào ngày 16 tháng 6 2013 trên hãng thu âm Hà Lan ghi Spinnin\' Records, trở thành một hit trong một số lượng lớn các bảng xếp hạng ở châu Âu, và nhanh chóng trở thành người trẻ tuổi nhất từng đạt vị trí số 1 trên Beatport. Các ca khúc của anh cũng xuất hiện trên album của Hardwell - \'\'Hardwell \'s presents \'Revealed Volume 4\'\'. Ngày 30 tháng 9 năm 2013, Garrix phát hành một bản remix của Project by T Sander Van Doorn, Dimitri Vegas & Like Mike và nhanh chóng đạt vị trí số 1 trên bảng xếp hạng Beatport. Garrix xuất hiện trên DJMag của top 100 DJ danh sách năm 2013 lần đầu với vị trí 40. Trong năm 2014, Garrix xuất hiện trên danh sách top 100 của DJMag tại vị trí số số 4. Trong tháng mười năm 2013, Garrix đã ký một thỏa thuận với Scooter Braun Project của Scooter Braun (sau đó là hãng School Boy Records). Vào tháng 2013 anh phát hành \"Wizard\" với Jay Hardway, ca khúc này đã đạt vị trí số 6 để ở Bỉ và số 17 ở Hà Lan. Martin Garrix hợp tác với Firebeatz và ra ca khúc \"Helicopter\", đạt số 1 trên bảng xếp hạng Top 100 Beatport trong 2 tuần. Sau đó, anh đã biểu diễn tại Ultra Music Festival 2014, nơi anh đã ra mắt một số bài nhạc mới và chưa được phát hành, bao gồm cả hợp tác với Dillon Francis, Hardwell và Afrojack. Trong năm 2014, anh cũng phát hành \"Proxy\" với sự giúp đỡ từ Hardwell, cho phép tải về miễn phí trên SoundCloud cho người hâm mộ của mình như là một món quà cho một năm 2013 tuyệt vời. Trong năm 2014, Garrix ra mắt một bài hát cùng MoTi với tiêu đề \"Virus (How About Now)\" mà sau này trong năm cũng như sự hợp tác của anh với Afrojack ra mắt phim \"Turn Up The Speakers\" mà Afrojack và Garrix đều trình diễn lần đầu tại Ultra Music Festival.\n\nNgày 06 tháng hai năm 2015, Garrix phát hành ca khúc \"Forbidden Voices\" như một món quà cho người hâm mộ vì 10 triệu lượt thích trên trang Facebook của mình. Ngày 17 tháng ba năm 2015, Garrix ra mắt đĩa đơn \"Don\'t Look Down\" với sự góp giọng của Usher. Ca khúc được viết bởi Garrix,James \'JHart\' Abrahart và Busbee. Ngày 4 tháng 5 năm 2015, Garrix phát hành một ca khúc với Tiësto, được gọi là \"The Only Way Is Up\". Ngày 22 tháng năm năm 2015, Avicii phát hành một video lyric của bài hát \"Waiting for Love\" được đồng sản xuất bởi Garrix. Ngày 6 tháng 7 năm 2015, Garrix phát hành một vở kịch dài với Matisse & Sadko gọi là \" Break Through The Silence\". Vào ngày 19 tháng 10 năm 2015, Garrix được tạp chí DJ Mag bình chọn đứng ở vị trí thứ 3, vượt lên một hạng so với năm 2014.\n\nNgày 26 tháng 8 2015, Garrix ra một thông báo trên phương tiện truyền thông xã hội liên quan đến tin đồn anh đã chấm dứt thỏa thuận của mình với hãng đĩa Spinnin\' Records và công ty quản lý MusicAllStars Management, trong đó anh khẳng định mình không còn làm việc với hai công ty. Nguyên nhân được trích dẫn do một \"... sự khác biệt về quan điểm giữa chúng tôi về tính hợp lý của các hiệp định.\" về quyền bản quyền âm nhạc của Garrix. Có bài báo viết rằng \"Từ đầu năm nay, tôi đã cố gắng để lấy lại quyền sở hữu của âm nhạc của tôi từ Spinnin\' Records và giữ niềm tin của tôi trong MAS. Tôi vô cùng thất vọng rằng các cuộc thảo luận đã không dẫn đến một sự thay đổi trong các hiệp định hoặc trả lại quyền sở hữu, và đó là lý do tại sao tôi rời bỏ công ty của họ. \"',0),(35,'Shawn Mendes','/resources/img/shawn_mendes.jpg','Shawn Peter Raul Mendes là một ca sĩ, nhạc sĩ người Canada. Anh bắt đầu được mọi người chú ý vào năm 2013, khi anh đăng những bài hát cover lên mạng xã hội Vine. Sau đó, anh đã thu hút sự chú ý của các nhà quản lý nghệ sĩ Andrew Gertler và Island Records A&R Ziggy Chareton, và anh đã kí hợp đồng với hãng thu âm.',0);
/*!40000 ALTER TABLE `artist` ENABLE KEYS */;
UNLOCK TABLES;

--
-- Table structure for table `artist_genre`
--

DROP TABLE IF EXISTS `artist_genre`;
/*!40101 SET @saved_cs_client     = @@character_set_client */;
/*!50503 SET character_set_client = utf8mb4 */;
CREATE TABLE `artist_genre` (
  `artist_id` int NOT NULL,
  `genre_id` int NOT NULL,
  PRIMARY KEY (`artist_id`,`genre_id`),
  KEY `genre_id` (`genre_id`),
  CONSTRAINT `artist_genre_ibfk_1` FOREIGN KEY (`artist_id`) REFERENCES `artist` (`id`),
  CONSTRAINT `artist_genre_ibfk_2` FOREIGN KEY (`genre_id`) REFERENCES `genre` (`id`)
) ENGINE=InnoDB DEFAULT CHARSET=utf8mb4 COLLATE=utf8mb4_vietnamese_ci;
/*!40101 SET character_set_client = @saved_cs_client */;

--
-- Dumping data for table `artist_genre`
--

LOCK TABLES `artist_genre` WRITE;
/*!40000 ALTER TABLE `artist_genre` DISABLE KEYS */;
INSERT INTO `artist_genre` VALUES (1,4),(2,4),(4,4),(5,4),(6,4),(9,4),(10,4),(13,4),(15,4),(16,4),(19,4),(23,4),(24,4),(25,4),(26,4),(27,4),(28,4),(29,4),(30,4),(1,5),(16,5),(20,5),(12,6),(16,6),(17,6),(19,6),(20,6),(16,7),(32,7),(33,7),(35,7),(31,9),(3,22),(7,22),(8,22),(2,23),(6,23),(11,23),(15,23),(17,23),(23,23),(26,23),(2,28),(7,28),(32,28),(33,28),(35,28),(31,37),(33,37),(34,37),(7,38),(32,38),(33,38),(34,39);
/*!40000 ALTER TABLE `artist_genre` ENABLE KEYS */;
UNLOCK TABLES;

--
-- Table structure for table `comment`
--

DROP TABLE IF EXISTS `comment`;
/*!40101 SET @saved_cs_client     = @@character_set_client */;
/*!50503 SET character_set_client = utf8mb4 */;
CREATE TABLE `comment` (
  `id` int NOT NULL AUTO_INCREMENT,
  `content` text COLLATE utf8mb4_vietnamese_ci,
  `liked` int DEFAULT NULL,
  `song_id` int DEFAULT NULL,
  `user_id` int DEFAULT NULL,
  PRIMARY KEY (`id`),
  KEY `song_id` (`song_id`),
  KEY `FK8kcum44fvpupyw6f5baccx25c` (`user_id`),
  CONSTRAINT `comment_ibfk_1` FOREIGN KEY (`song_id`) REFERENCES `song` (`id`),
  CONSTRAINT `FK8kcum44fvpupyw6f5baccx25c` FOREIGN KEY (`user_id`) REFERENCES `user` (`id`)
) ENGINE=InnoDB AUTO_INCREMENT=42 DEFAULT CHARSET=utf8mb4 COLLATE=utf8mb4_vietnamese_ci;
/*!40101 SET character_set_client = @saved_cs_client */;

--
-- Dumping data for table `comment`
--

LOCK TABLES `comment` WRITE;
/*!40000 ALTER TABLE `comment` DISABLE KEYS */;
INSERT INTO `comment` VALUES (1,'Test comment 1',NULL,11,5),(2,'Test comment 2',NULL,11,5),(3,'Test comment 3',NULL,11,5),(4,'Test comment 4',NULL,11,5),(5,'Test comment 5',NULL,11,5),(6,'Test comment 6',NULL,11,5),(7,'Test comment 7',NULL,11,5),(8,'Test comment 8',NULL,11,5),(9,'Test comment 9',NULL,11,5),(10,'Test comment 10',NULL,11,5),(11,'Test comment 11',NULL,11,5),(12,'Test comment 12',NULL,11,5),(13,'Test comment 13',NULL,11,5),(14,'Test comment 14',NULL,11,5),(15,'Test comment 15',NULL,11,5),(16,'Test comment 16',0,11,5),(17,'Test comment 17',0,11,5),(18,'Test comment 18',0,11,5),(19,'Test comment 19',0,12,5),(20,'Test comment 20',0,11,5),(21,'Test comment 21',0,12,5),(22,'Test comment 22',0,12,5),(23,'Test comment 23',0,13,5),(24,'Test comment 24',0,14,5),(25,'Test comment 25',0,16,5),(26,'Test comment 26',0,19,5),(27,'Test comment 27',0,20,5),(28,'Test comment 28',0,20,5),(29,'Test comment 29',0,20,5),(30,'Test comment 30',0,20,5),(31,'Test comment 31',0,11,5),(32,'Test comment 32',0,19,5),(33,'Test comment 33',0,30,5),(34,'Test comment 34',0,30,5),(35,'Test comment 35',0,33,5),(36,'Test comment 35',0,11,8),(37,'Test comment 36',0,37,5),(38,'Test comment 37',0,22,10),(39,'Test comment 38',0,11,5),(40,'Test comment 36',0,11,5),(41,'Test comment 40',0,11,2);
/*!40000 ALTER TABLE `comment` ENABLE KEYS */;
UNLOCK TABLES;

--
-- Table structure for table `favorite`
--

DROP TABLE IF EXISTS `favorite`;
/*!40101 SET @saved_cs_client     = @@character_set_client */;
/*!50503 SET character_set_client = utf8mb4 */;
CREATE TABLE `favorite` (
  `user_id` int DEFAULT NULL,
  `song_id` int DEFAULT NULL,
  KEY `song_id` (`song_id`),
  KEY `user_id` (`user_id`),
  CONSTRAINT `favorite_ibfk_1` FOREIGN KEY (`song_id`) REFERENCES `song` (`id`),
  CONSTRAINT `favorite_ibfk_2` FOREIGN KEY (`user_id`) REFERENCES `user` (`id`)
) ENGINE=InnoDB DEFAULT CHARSET=utf8mb4 COLLATE=utf8mb4_vietnamese_ci;
/*!40101 SET character_set_client = @saved_cs_client */;

--
-- Dumping data for table `favorite`
--

LOCK TABLES `favorite` WRITE;
/*!40000 ALTER TABLE `favorite` DISABLE KEYS */;
INSERT INTO `favorite` VALUES (5,11),(5,12),(5,13),(5,22),(7,12),(7,13),(5,15),(5,21),(7,22),(7,11),(8,11),(8,12),(8,14),(9,11),(9,12),(5,18),(5,14),(5,16),(5,37),(10,22),(10,19);
/*!40000 ALTER TABLE `favorite` ENABLE KEYS */;
UNLOCK TABLES;

--
-- Table structure for table `genre`
--

DROP TABLE IF EXISTS `genre`;
/*!40101 SET @saved_cs_client     = @@character_set_client */;
/*!50503 SET character_set_client = utf8mb4 */;
CREATE TABLE `genre` (
  `id` int NOT NULL AUTO_INCREMENT,
  `name` varchar(30) COLLATE utf8mb4_vietnamese_ci DEFAULT NULL,
  `listen` int DEFAULT NULL,
  PRIMARY KEY (`id`)
) ENGINE=InnoDB AUTO_INCREMENT=40 DEFAULT CHARSET=utf8mb4 COLLATE=utf8mb4_vietnamese_ci;
/*!40101 SET character_set_client = @saved_cs_client */;

--
-- Dumping data for table `genre`
--

LOCK TABLES `genre` WRITE;
/*!40000 ALTER TABLE `genre` DISABLE KEYS */;
INSERT INTO `genre` VALUES (4,'Nhạc Trẻ',1115),(5,'K-Pop',111111),(6,'USUK',22222),(7,'R&B',3333),(8,'Ballad',0),(9,'Nhạc Không Lời',0),(10,'Test 3',1212),(11,'Test 4',144),(12,'Test 5',145),(13,'Test 6',2323),(14,'Test 7',666),(15,'Test 8',8),(16,'Test 9',211),(18,'Test 10',232),(22,'Bolero',889),(23,'Rap',999),(26,'Country',9),(27,'Jazz',11),(28,'Pop',34),(29,'Rock',109),(31,'Relax',0),(32,'Nhạc Cách Mạng',0),(36,'Hip Hop',0),(37,'EDM',0),(38,'Dance',0),(39,'House',0);
/*!40000 ALTER TABLE `genre` ENABLE KEYS */;
UNLOCK TABLES;

--
-- Table structure for table `song`
--

DROP TABLE IF EXISTS `song`;
/*!40101 SET @saved_cs_client     = @@character_set_client */;
/*!50503 SET character_set_client = utf8mb4 */;
CREATE TABLE `song` (
  `id` int NOT NULL AUTO_INCREMENT,
  `name` varchar(100) COLLATE utf8mb4_vietnamese_ci DEFAULT NULL,
  `lyric` text COLLATE utf8mb4_vietnamese_ci,
  `liked` int DEFAULT NULL,
  `listen` int DEFAULT NULL,
  `resource` text COLLATE utf8mb4_vietnamese_ci,
  PRIMARY KEY (`id`)
) ENGINE=InnoDB AUTO_INCREMENT=111 DEFAULT CHARSET=utf8mb4 COLLATE=utf8mb4_vietnamese_ci;
/*!40101 SET character_set_client = @saved_cs_client */;

--
-- Dumping data for table `song`
--

LOCK TABLES `song` WRITE;
/*!40000 ALTER TABLE `song` DISABLE KEYS */;
INSERT INTO `song` VALUES (11,'Ân Xá (Prod. JunioR) - B Ray','Test 1',4,89,'/resources/audio/Ân Xá (Prod. JunioR) - B Ray.mp3'),(12,'XXXTENTACION - Jocelyn Flores (Audio)','diaasdadadasd',4,32,'/resources/audio/XXXTENTACION - Jocelyn Flores (Audio).mp3'),(13,'_Vietsub _ Lyrics_ I Love You 3000 - Stephanie Poetri','iugiugigi',2,5,'/resources/audio/_Vietsub _ Lyrics_ I Love You 3000 - Stephanie Poetri.mp3'),(14,'XXXTENTACION - SAD!','hvhjvjgvgjvgh',2,2,'/resources/audio/XXXTENTACION - SAD!.mp3'),(15,'Bản tình ca không hoàn thiện (beat) - Rin TV','kjkkjk',1,3,'/resources/audio/Bản tình ca không hoàn thiện (beat) - Rin TV.mp3'),(16,'ANH KHÔNG THỀ GÌ ĐÂU ANH LÀM. - AKTGĐ - PHÚC DU _OFFICIAL MUSIC VIDEO_','',1,0,'/resources/audio/ANH KHÔNG THỀ GÌ ĐÂU ANH LÀM. - AKTGĐ - PHÚC DU _OFFICIAL MUSIC VIDEO_.mp3'),(17,'(FREE) Bryson Tiller Type Beat - Kimberly','knbkbjbjk',0,4,'/resources/audio/(FREE) Bryson Tiller Type Beat - Kimberly.mp3'),(18,'Ａ　ＤＡＹ　ＯＦ　ＤＲＥＡＭＳ','ivvjhvhjvjhvhjvjhvhj',1,3,'/resources/audio/Ａ　ＤＡＹ　ＯＦ　ＤＲＥＡＭＳ.mp3'),(19,'(FREE) Lo-fi Type Beat - I Need a Girl','ashvabdkabdabdkasdhasdhabsdhabsdhbasdbadbaksdbasbdksad',1,2,'/resources/audio/(FREE) Lo-fi Type Beat - I Need a Girl.mp3'),(20,'(Lo-fi) I was in love with you...','abdabkdbakdbaksdbkasbdasd',0,0,'/resources/audio/(Lo-fi) I was in love with you....mp3'),(21,'ｕｎｄｅｒ','essdtfvjbjfccg vbnbkjgchfb vnbnbkjuigyufchvnbkjhuigyufghvbkjhiyguf',1,5,'/resources/audio/ｕｎｄｅｒ.mp3'),(22,'burbank - seeing your name makes me happy','nasbdhasdbasjdhbajdbajsdbjkasdhkabdkabdkasbdhasbdhabsdjhbasdhbasd',3,28,'/resources/audio/burbank - seeing your name makes me happy.mp3'),(29,'Trên Trời Có Triệu Vì Sao -_ Hoài Linh _ - Lofi','hgh',0,0,'/resources/audio/Trên Trời Có Triệu Vì Sao -_ Hoài Linh _ - Lofi.mp3'),(30,'Vài câu nói vào lúc mười giờ bốn lăm','Vai',0,4,'/resources/audio/Vài câu nói vào lúc mười giờ bốn lăm.mp3'),(33,'YungRhythm - To the Moon and Back','absbibsdsduif',0,1,'/resources/audio/YungRhythm - To the Moon and Back.mp3'),(34,'YÊU NHƯ NGÀY YÊU CUỐI _ OFFICIAL LYRIC MV _ MAI TIẾN DŨNG','skdjbadsbdsc',0,1,'/resources/audio/YÊU NHƯ NGÀY YÊU CUỐI _ OFFICIAL LYRIC MV _ MAI TIẾN DŨNG.mp3'),(35,'Tướng Quân _ Đình Dũng Cover Piano _ Bản Chìm Sâu','hdbkbjkdbkjsdnjksndfjs',0,10,'/resources/audio/Tướng Quân _ Đình Dũng Cover Piano _ Bản Chìm Sâu.mp3'),(36,'SỐNG CHO HẾT ĐỜI THANH XUÂN _ MUSIC VIDEO _ Dick x Xám x Tuyết','kjghjghjghhj',0,0,'/resources/audio/SỐNG CHO HẾT ĐỜI THANH XUÂN _ MUSIC VIDEO _ Dick x Xám x Tuyết.mp3'),(37,'Con Trai Cưng - B Ray x Masew _ Official Audio','Con trai cung',1,7,'/resources/audio/Con Trai Cưng - B Ray x Masew _ Official Audio.mp3'),(38,'Có ai đó nhớ ai ướt mi - yunghuy','',0,0,'/resources/audio/Có ai đó nhớ ai ướt mi - yunghuy.mp3'),(39,'Bánh Mì Không','Khi mà không còn yêu thì \nĐêm nào ta cũng say vì \nKhông còn ai gọi ta về \nMau thật mau, đau thật đau \nCăn nhà ta cùng thuê ở \nGiờ đây đã có người thuê rồi \nNgười ta nhìn thật hạnh phúc \nBọn mình bơ vơ, thời mình ngu ngơ \nEm thì quá bận với những khoản lo \nNhiều hôm ở công ty trễ lương \nThì tối ăn bánh mì \nBánh mì không, không có thịt luôn \nTay cầm đơn cầu mong \nAnh có công việc mới \nPhụ em lúc khó khăn \nNhững ngày tháng rất căng \nNhớ xưa còn nói nếu lúc mình giàu \nHai ta có nhà lầu \nVà thêm xe hơi có đủ tất cả màu \nChiếc xe cùi bắp bể bánh ngoài đường \nHai ta thấy bình thường \nDù mồ hôi tuôn rơi \nNhưng có nhau đời thêm vui \nNhớ xưa mình thích những món lề đường \nHủ tiếu gõ và mì gói nước sôi \nThêm cái trứng gà \nĐến nay điều ước cũng đã thành thật \nThành phố mỗi lúc càng chật \nTa mất nhau, dễ gì gặp lại nhau \nRối ren như trật tự giao thông đường phố \nLạc nhau rồi, thôi đừng cố \nĐèn xanh, đèn đỏ rồi tới vàng \nDừng hay là chạy \nThì chuyện buồn ta vẫn mang \nTiếng rao thân thuộc \nCủa những quán quen xưa \nMỗi lần nghe thấy \nLòng như cắt, như cưa \nNhiều tiền anh biết \nBọn mình được ấm no \nMà tiền nhiều như thế \nNên tình cảm mình hóa tro \nTa sợ mình đói nên lao vào kiếm ăn \nRồi trái tim ta lạnh \nLạnh hơn một phiến băng \nTa vẫn chưa rõ \nTại sao mình thay đổi \nKhông ăn cùng nhau \nNhiều công việc nên hay vội \nCó những bản nhạc \nKhông nên hát cùng nhau \nVì khi bài nhạc cất lên \nThì cả hai người cùng đau \nLúc nghèo rất vui \nNhững năm tháng thăng trầm ấy \nChứ không phải giống bây giờ \nAnh mặc vest còn em diện váy đâu \nEm thì quá bận với những khoản lo \nNhiều hôm ở công ty trễ lương \nThì tối ăn bánh mì \nBánh mì không, không có thịt luôn \nTay cầm đơn cầu mong \nAnh có công việc mới \nPhụ em lúc khó khăn \nNhững ngày tháng rất căng \nNhớ xưa còn nói nếu lúc mình giàu \nHai ta có nhà lầu \nVà thêm xe hơi có đủ tất cả màu \nChiếc xe cùi bắp bể bánh ngoài đường \nHai ta thấy bình thường \nDù mồ hôi tuôn rơi \nNhưng có nhau đời thêm vui \nNhớ xưa mình thích những món lề đường \nHủ tiếu gõ và mì gói nước sôi \nThêm cái trứng gà \nĐến nay điều ước cũng đã thành thật \nThành phố mỗi lúc càng chật \nTa mất nhau, câu chuyện cười thật đau \nEm thì quá bận với những khoản lo \nNhiều hôm ở công ty trễ lương \nThì tối ăn bánh mì \nTay cầm đơn cầu mong \nAnh có công việc mới \nPhụ em lúc khó khăn \nNhững ngày tháng rất căng\n',0,0,'/resources/audio/Bánh Mì Không.mp3'),(40,'Chỉ Khi Anh Một Mình','Chỉ khi anh một mình \nThì anh mới thấy cô đơn \nChỉ khi anh một mình \nThì em cũng chẳng kế bên \nNgồi ngắm cơn mưa \nNgoài ô cửa sổ nhỏ nhắn \nĐông đang kéo về \nBàn tay lạnh quá tìm ai sưởi ấm bây giờ \nChỉ khi anh một mình \nNiềm vui anh kiếm nơi đâu \nChỉ khi anh một mình \nThì anh nhớ lúc bên nhau \nCười lên em nhé \nDù sao cũng xa mất rồi không thể tìm \nVì đông lạnh quá \nTim anh buốt giá em ơi \nDẫu anh có buồn \nDẫu cho có giữ thăng trầm \nDẫu đôi mắt buồn \nMỗi khi trông về phía em \nÁnh trăng với đèn đường khuya hiu hắt \nTrong lòng thêm đau thắt \nÔm giá lạnh mà anh cữ ngỡ ôm em \nChỉ khi anh một mình \nNiềm vui anh kiếm nơi đâu \nChỉ khi anh một mình \nThì anh nhớ lúc bên nhau \nCười lên em nhé \nDù sao cũng xa mất rồi chẳng thể tìm \nVì đông lạnh quá \nTim anh buốt giá em ơi \nDẫu anh có buồn \nDẫu cho có giữ thăng trầm \nDẫu đôi mắt buồn \nMỗi khi trông về phía em \nÁnh trăng với đèn đường khuya hiu hắt \nTrong lòng thêm đau thắt \nÔm giá lạnh mà anh cữ ngỡ ôm em \nDẫu anh có buồn \nDẫu cho có giữ thăng trầm \nDẫu đôi mắt buồn \nMỗi khi trông về phía em \nÁnh trăng với đèn đường khuya hiu hắt \nTrong lòng thêm đau thắt \nÔm giá lạnh mà anh cữ ngỡ ôm em \nCó cay đắng nào \nKhiến cho nước mắt tuôn trào \nKhẽ trong nỗi buồn \nLặng thinh không nói nên câu \nSuốt đêm cứ ngồi buồn hoài như thế \nHoang tàn ngồi bên ghế \nMưa đã về sao em chưa về em ơi \nSuốt đêm cứ ngồi buồn hoài như thế \nHoang tàn ngồi bên ghế \nMưa đã về sao em chưa về với anh\n',0,0,'/resources/audio/Chỉ Khi Anh Một Mình.mp3'),(41,'Gói Xôi Vội','Một lần được nói ra \nVề nhìn lại mẹ với cha \nNhiều lần muốn nói \nCha mẹ dấu yêu \nCon yêu người thật thiết tha \nTự hào người biết bao \nCả một đời tìm chén cơm \nTự hỏi gánh vác gian lao khó khăn \nNhưng cha mẹ không có nhăn \nNhường cho con ăn ngon \nMong mai sau con làm ông sếp lớn \nNhường luôn tương lai \nKhi con đang trong thai \nĐến giây chào đời \nNhiều đêm dang đôi tay ru con \nLắng lo còn hoen trong đáy mắt \nVà luôn nói thứ quý giá nhất \nChính con còn hơn là ngọc ngà \nVội vàng một gói xôi \nĐể giờ này có tôi \nVội vàng mái tóc đen xưa \nBỗng nhiên bây giờ như muối tiêu \nNhìn người cười lòng xót ghê \nMà thuở nhỏ vẫn cứ chê \nQuần đẹp, áo trắng thơm tho \nChẳng thua chúng bạn tôi lúc xưa \nNhường cho con ăn ngon \nMong mai sau con làm ông sếp lớn \nNhường luôn tương lai \nKhi con đang trong thai \nĐến giây chào đời \nNhiều đêm dang đôi tay ru con \nLắng lo còn hoen trong đáy mắt \nVà luôn nói thứ quý giá nhất \nChính con còn hơn là ngọc ngà \nVội vàng một gói xôi \nĐể giờ này có tôi \nVội vàng mái tóc đen xưa \nBỗng nhiên bây giờ như muối tiêu \nNhìn người cười lòng xót ghê \nMà thuở nhỏ vẫn cứ chê \nQuần đẹp, áo trắng thơm tho \nChẳng thua chúng bạn tôi lúc xưa \nGói xôi này ăn ngon thật ngon \nGói xôi cùng con thêu mộng mơ \nGói xôi cùng con bao ngày thơ \nGói xôi này mong con là con \nGói xôi này cao hơn trời cao \nGói xôi này bao la tựa sao \nGói xôi này bao nhiêu mồ hôi \nCả một đời cha tôi, mẹ tôi \nVội vàng một gói xôi \nĐể giờ này có tôi \nVội vàng mái tóc đen xưa \nBỗng nhiên bây giờ như muối tiêu \nNhìn người cười lòng xót ghê \nMà thuở nhỏ vẫn cứ chê \nQuần đẹp, áo trắng thơm tho \nChẳng thua chúng bạn tôi lúc xưa \nVội vàng một gói xôi, xôi, xôi \nĐể giờ này có tôi, tôi, tôi \nVội vàng một gói xôi, xôi, xôi \nĐể giờ này có tôi, tôi, tôi \nVội vàng một gói xôi, xôi, xôi \nĐể giờ này có tôi, tôi, tôi \nVội vàng một gói xôi, xôi, xôi \nĐể giờ này có tôi, tôi, tôi\n',0,0,'/resources/audio/Gói Xôi Vội.mp3'),(42,'Lắng Nghe Mùa Xuân Về','Giọt mưa nào rơi thật êm \nTrên phố phường \nMùi hương nào thơm thật thơm \nTrong gió thoảng \nVà em đợi anh, đợi anh \nNhư đã hẹn \nNghe trong mưa đêm mùa xuân \nLặng lẽ sang \nPhải chăng mầm non mùa xuân \nĐang hé nở \nPhải chăng nụ hoa mùa xuân \nĐang hé nở \nPhải chăng ngày xuân đầu tiên \nĐang gõ cửa \nKhi anh trông em ung dung \nBên thềm nhà \nKìa tiếng chim rộn hót xa vời \nCánh hoa đào bỗng như cười \nBáo tin mùa xuân về \nKìa bóng đêm mùa cũ đâu rồi \nVới em chỉ thấy xanh ngời \nLá hoa của xuân tươi \nRồi em tới \nLời anh tỏ có vẻ nghe sến súa à \nNhưng đã mến \nThì nói gì em cũng thích mà \nEm đứng gần hoa thì em thắng nà \nCòn đứng gần nắng là anh nha \nMột năm chỉ có một lần tết \nEm làm anh nhớ em gần chết \nTết em thích gì? \nAnh thì thích em \nThích luôn lì xì \nVà muôn nhà ấm no \nPhải chăng mầm non mùa xuân \nĐang hé nở \nPhải chăng nụ hoa mùa xuân \nĐang hé nở \nPhải chăng ngày xuân đầu tiên \nĐang gõ cửa \nKhi anh trông em ung dung \nBên thềm nhà \nVà chúng ta lại đón giao thừa \nPhút giây lặng lẽ mong chờ \nLắng nghe mùa xuân về \nĐể biết ta còn mãi trong đời \nPhút mong chờ ấy tuyệt vời \nChứa chan niềm tin yêu \nKìa em tới \nVà chúng ta lại đón giao thừa \nPhút giây lặng lẽ mong chờ \nLắng nghe mùa xuân về \nĐể biết ta còn mãi trong đời \nPhút mong chờ ấy tuyệt vời \nChứa chan niềm tin yêu \nKìa em tới \nVà chúng ta lại đón giao thừa \nPhút giây lặng lẽ mong chờ \nLắng nghe mùa xuân về \nĐể biết ta còn mãi trong đời \nPhút mong chờ ấy tuyệt vời \nChứa chan niềm tin yêu \nKìa em tới, mùa xuân về\n',0,0,'/resources/audio/Lắng Nghe Mùa Xuân Về.mp3'),(43,'Liên Quan Gì Nhau','Đừng khóc trên niềm đau \nVài chén say đau đầu \nGiọt đắng rơi chạm môi \nLàm nỗi đau đâm chồi \nKhi anh quay lưng bước ra đi \nChẳng quay về \nTrong ngày mai liệu em có buồn \nMang đi hết yêu thương của em rồi \nAnh dành cho một ai liệu em có giận \nThương đôi mắt kia chơi vơi \nThôi không khóc chi em ơi \nEm không muốn ta xa nhau \nVậy đau thương sẽ theo bao lâu? \nTương lai kia dẫu có ra sao \nThì mong rằng sau này \nEm học cách chấp nhận \nEm ơi anh mệt \nMệt đến nổi muốn tìm đến cái chết \nMuốn kết thúc \nChặn đường mình đam mê \nQuá mệt mỏi về những lời khen chê \nMuốn vùi mình vào sâu trong ngục tối \nNhìn anh tự do nhưng thân đang bị trói \nBạn bè xung quanh chỉ vài ba lời hỏi \nThuốc nhiều đến nổi \nKhông một liều chữa khỏi \nNhìn thân tàn \nTừng ngày trong ánh trắng \nVì nhiều năm liền \nĐêm nào cũng thức trắng \nKhông biết hút thuốc \nNên mua vui bằng nhạc \nVô tình nổi tiếng nhưng hồn chưa hề lạc \nAnh biết bắt đầu khởi điểm anh là đâu \nLà từ thằng nhóc trắng tay có gì đâu \nLà những nổ lực \nĐánh đổi trong nước mắt \nLà nhìn ba mẹ nghẹn ngào sau ánh mắt \nKhi anh quay lưng \nBước ra đi chẳng quay về \nTrong ngày mai liệu em có buồn \nMang đi hết yêu thương của em rồi \nAnh dành cho một ai liệu em có giận \nThương đôi mắt kia chơi vơi \nThôi không khóc chi em ơi \nEm không muốn ta xa nhau \nVậy đau thương sẽ theo bao lâu? \nTương lai kia dẫu có ra sao \nThì mong rằng sau này \nEm học cách chấp nhận \nEm từng đến từng đi \nAnh là kẻ tình si \nĐâu cần nhớ gì đâu \nBao nỗi nhớ hằn sâu \nAnh lang thang để kiếm tìm vòng tay \nAnh cũng không có khác gì người say \nBao cơn đau chất chứa con tim này \nGiọt lệ thật đắng có dịu ngọt đôi môi \nMà giờ tình lỡ cũng chẳng về bên tôi \nSự thật giả dối cứ nói hoài bên tai \nVậy thì lầm lỗi lúc ấy là ai sai? \nCô đơn đi theo làm nặng cả đôi vai \nMong chút ánh nắng \nThì thầm vào bên tai \nEm đi theo ai mặc kệ tình anh sao \nCon tim thật đau nhưng làm sao \nLiên quan gì nhau đau mà lo \nCon tim thật đau nhưng làm sao \nLiên quan gì nhau đau mà lo \nĐừng khóc trên niềm đau \nVài chén say đau đầu \nGiọt đắng rơi chạm môi \nLàm nỗi đau đâm chồi\n',0,0,'/resources/audio/Liên Quan Gì Nhau.mp3'),(44,'Đừng Nói','Đừng nói với anh ta \nMình đã từng bên nhau thiết tha \nĐừng nhắc với anh ta \nMình đã từng không mong cách xa \nHọ có chắc thương em \nNhư ban đầu nghĩ em chưa từng bên ai \nHọ có chắc không than vãn \nVề quá khứ em với hiện tại \nNgười ta đâu biết em như thế nào \nMà vội trao những yêu thương ngọt ngào \nVà em tin những câu yêu gượng gạo \nVừa gặp nhau đã thương em vội trao \nXin em đừng nói, với anh ta rằng \nEm đã từng yêu, một người như anh \nXin em đừng khóc, mỗi khi đau lòng \nSau em còn có, một người chờ mong \nAnh bận lòng lắm, nếu ai biết được \nAnh không thể giữ được \nNgười anh thương \nNếu mai này lỡ, ai quên em rồi \nEm quay về nhé, mình làm lại thôi \nĐừng nói với anh ta \nMình đã từng bên nhau thiết tha \nĐừng nhắc với anh ta \nMình đã từng không mong cách xa \nHọ có chắc thương em \nNhư ban đầu nghĩ em chưa từng bên ai \nHọ có chắc không than vãn \nVề quá khứ em với hiện tại \nNgười ta đâu biết em như thế nào \nMà vội trao những yêu thương ngọt ngào \nVà em tin những câu yêu gượng gạo \nVừa gặp nhau đã thương em vội trao \nXin em đừng nói, với anh ta rằng \nEm đã từng yêu, một người như anh \nXin em đừng khóc, mỗi khi đau lòng \nSau em còn có, một người chờ mong \nAnh bận lòng lắm, nếu ai biết được \nAnh không thể giữ được \nNgười anh thương \nNếu mai này lỡ, ai quên em rồi \nEm quay về nhé, mình làm lại thôi \nXin em đừng nói, với anh ta rằng \nEm đã từng yêu, một người như anh \nXin em đừng khóc, mỗi khi đau lòng \nSau em còn có, một người chờ mong \nAnh bận lòng lắm, nếu ai biết được \nAnh không thể giữ được \nNgười anh thương \nNếu mai này lỡ, ai quên em rồi \nEm quay về nhé, mình làm lại thôi \nEm quay về nhé \nMình làm lại thôi\n',0,0,'/resources/audio/Đừng Nói.mp3'),(45,'Sai Lầm Cô Vy','Nhân loại oán trách em rất nhiều \nSao lại mang dịch bệnh đi muôn nơi \nEm làm khổ biết bao nhiêu người \nKhông thể nở nụ cười ở trên môi \nGiờ lớn ra khắp toàn cầu \nMang niềm đau tràn lan ra 5 châu \nGiờ chẳng thiết mong sang giàu \nChỉ cầu cho dịch bệnh trôi qua mau \nSai lầm lớn nhất em mang trong cuộc đời \nLà không biết thương thay \nCho nhân loại tôi \nCuộc sống ấm êm \nCủa biết bao nhiêu người \nGiờ chỉ vì em mà nguy nan chìm nổi \nGiờ em reo rắc thế đã quá đủ rồi \nĐể cho chúng tôi yên thân đi dịch ơi \nGiờ em cướp đi sinh linh của bao người \nVì nhiễm trúng em \nMà phải kết thúc cuộc đời \nNhân loại oán trách em rất nhiều \nSao lại mang dịch bệnh đi muôn nơi \nEm làm khổ biết bao nhiêu người \nKhông thể nở nụ cười ở trên môi \nGiờ lớn ra khắp toàn cầu \nMang niềm đau tràn lan ra 5 châu \nGiờ chẳng thiết mong sang giàu \nChỉ cầu cho dịch bệnh trôi qua mau \nSai lầm lớn nhất em mang trong cuộc đời \nLà không biết thương thay \nCho nhân loại tôi \nCuộc sống ấm êm \nCủa biết bao nhiêu người \nGiờ chỉ vì em mà nguy nan chìm nổi \nGiờ em reo rắc thế đã quá đủ rồi \nĐể cho chúng tôi yên thân đi dịch ơi \nGiờ em cướp đi sinh linh của bao người \nVì nhiễm trúng em \nMà phải kết thúc cuộc đời \nSai lầm lớn nhất em mang trong cuộc đời \nLà không biết thương thay \nCho nhân loại tôi \nCuộc sống ấm êm \nCủa biết bao nhiêu người \nGiờ chỉ vì em mà nguy nan chìm nổi \nGiờ em reo rắc thế đã quá đủ rồi \nĐể cho chúng tôi yên thân đi dịch ơi \nGiờ em cướp đi sinh linh của bao người \nVì nhiễm trúng em \nMà phải kết thúc cuộc đời \nGiờ em cướp đi sinh linh của bao người \nVì nhiễm trúng em \nMà phải kết thúc cuộc đời\n',0,0,'/resources/audio/Sai Lầm Cô Vy.mp3'),(46,'Tình Anh','Thuyền xa sông \nThuyền tìm ra biển lớn \nTheo tiếng gọi \nNgàn con sóng khơi xa \nThuyền có hay \nSông lặng lòng yên ả \nVẫn đợi thuyền \nNhớ bến sẽ quay về \nNgày em đi \nĐể mình anh đứng đó \nEm có hay \nLòng anh mãi thương em \nĐừng cách xa cho mi buồn đẫm lệ \nRơi vì người đi mãi không về \nCó phải em là con thuyền nhỏ kia \nBỏ mặc anh dòng sông trôi buồn bã \nCó phải em vội quên đi tất cả \nNgày sông thuyền \nThủy chung một bến đò \nEm biết chăng ngoài khơi xa bão táp \nCó biết bao \nCon thuyền phải lênh đênh \nVề bên anh không ồn ào sóng cả \nChỉ hiền hoà yên ả nặng tình anh \nThuyền xa sông \nThuyền tìm ra biển lớn \nTheo tiếng gọi \nNgàn con sóng khơi xa \nThuyền có hay \nSông lặng lòng yên ả \nVẫn đợi thuyền \nNhớ bến sẽ quay về \nNgày em đi \nĐể mình anh đứng đó \nEm có hay \nLòng anh mãi thương em \nĐừng cách xa cho mi buồn đẫm lệ \nRơi vì người đi mãi không về \nCó phải em là con thuyền nhỏ kia \nBỏ mặc anh dòng sông trôi buồn bã \nCó phải em vội quên đi tất cả \nNgày sông thuyền \nThủy chung một bến đò \nEm biết chăng ngoài khơi xa bão táp \nCó biết bao \nCon thuyền phải lênh đênh \nVề bên anh không ồn ào sóng cả \nChỉ hiền hoà yên ả nặng tình anh \nCó phải em là con thuyền nhỏ kia \nBỏ mặc anh dòng sông trôi buồn bã \nCó phải em vội quên đi tất cả \nNgày sông thuyền \nThủy chung một bến đò \nEm biết chăng ngoài khơi xa bão táp \nCó biết bao \nCon thuyền phải lênh đênh \nVề bên anh không ồn ào sóng cả \nChỉ hiền hoà yên ả nặng tình anh \nVề bên anh không ồn ào sóng cả \nChỉ hiền hoà yên ả nặng tình anh\n',0,0,'/resources/audio/Tình Anh.mp3'),(47,'Tránh Duyên','Chuyện một nàng công chúa \nMang gia tộc đế vương muôn đời \nVà một vị hành tu \nNay đã thoát bụi trần nhân thế \nNàng trót thương cho thân chàng \nDù biết là điều không thể \nNgười xuất gia không nói đến \nChuyện phu thê \nNgọc Đế ơn trên ban \nChàng vào cung \nHướng nhân truyền tâm phật \nNào biết đâu lương duyên \nCông chúa sư đồ lại thầm thương \nNgày nhớ đêm ôm mong \nNàng lệnh cho phá giới để kết đôi \nChàng tránh duyên \nXin lui về nương nhờ cửa phật \nSự đời trớ trêu thay \nNgay khi nghe tin \nChàng đi về nơi rất xa \nNàng buồn hóa tâm tư đau thương \nPhát tâm bệnh trong lòng như khóc òa \nNgười mượn cớ đi nơi linh thiêng \nMong quên đi hết u sầu triền miên \nĐể lại thấy được chàng \nBớt đau trong tim nàng mang \nLòng chàng đớn đau hơn \nKhi duyên nhân gian \nChàng gieo vào tâm ý nàng \nMột người xuất gia sao yêu thương \nHuống chi nàng lại là công chúa vàng \nTuyệt tình tránh \nYêu thương nhân gian \nChàng gieo thân xác \nTrong biển lửa tràn \nĐể lại mối nhân duyên đắng cay \nLưu truyền trần gian \nNgọc Đế ơn trên ban \nChàng vào cung \nHướng nhân truyền tâm phật \nNào biết đâu lương duyên \nCông chúa sư đồ lại thầm thương \nNgày nhớ đêm ôm mong \nNàng lệnh cho phá giới để kết đôi \nChàng tránh duyên \nXin lui về nương nhờ cửa phật \nSự đời trớ trêu thay \nNgay khi nghe tin \nChàng đi về nơi rất xa \nNàng buồn hóa tâm tư đau thương \nPhát tâm bệnh trong lòng như khóc òa \nNgười mượn cớ đi nơi linh thiêng \nMong quên đi hết u sầu triền miên \nĐể lại thấy được chàng \nBớt đau trong tim nàng mang \nLòng chàng đớn đau hơn \nKhi duyên nhân gian \nChàng gieo vào tâm ý nàng \nMột người xuất gia sao yêu thương \nHuống chi nàng lại là công chúa vàng \nTuyệt tình tránh \nYêu thương nhân gian \nChàng gieo thân xác \nTrong biển lửa tràn \nĐể lại mối nhân duyên đắng cay \nLưu truyền trần gian \nĐể lại mối nhân duyên đắng cay \nLưu truyền trần gian\n',0,0,'/resources/audio/Tránh Duyên.mp3'),(48,'Anh Đi Đi','Anh đi đi \nĐừng ở đây cố gắng ghi \nTìm những hy vọng \nEm suy nghĩ \nVề việc tình yêu dở dang \nMờ đi nhớ mong \nBiết chắc là với tình yêu ấy \nCố nắm chặt càng dễ buông \nBiết chắc là đến đêm lại buồn \nEm suy nghĩ về lời nói dối của anh \nNước mắt cứ rơi \nAnh đi đi đợi chờ em tha thứ \nCho lòng anh mới vui \nBiết chắc là bao lần anh vẫn thế \nEm tuổi thân thấy không \nBiết chắc là mỗi đêm lại buồn \nNgồi xuống tim đau lòng buồn \nNước mắt cứ rơi mà chẳng một ai ở bên \nVới em tình yêu đẹp lắm \nĐâu phải buồn đâu \nLúc mới yêu thật đẹp biết bao \nCớ sao ngày mai tự nhiên hai lối \nBước qua đời nhau thật rồi \nMưa rơi mãi \nĐể lời chia tay phải chăng trời đã an bài \nLà vì ai, mà ngày hôm nay chúng ta \nChẳng nhìn thấy nhau \nDẫu biết rằng, bao khi dù đã vỡ \nKhông lại niệm vẫn mơ \nDẫn bít rằng vẫn thương vẫn chờ \nNgồi xuống tim đau lòng buồn \nNước mắt cứ rơi mà chẳng một ai ở bên \nVới em tình yêu đẹp lắm \nĐâu phải buồn đâu \nLúc mới yêu thật đẹp biết bao \nCớ sao ngày mai tự nhiên hai lối \nBước qua đời nhau thật rồi \nKhi yêu chẳng phải anh đã nói \nKhông rời xa nhé mà \nRồi một ngày gió lay chỉ biết buông tay \nCon tim này đau đớn hơn \nKhi nhìn ai bước đi mà chẳng thể níu \nDặn lòng một ai sẽ tốt với ai \nNgồi xuống tim đau lòng buồn \nNước mắt cứ rơi mà chẳng một ai ở bên \nVới em tình yêu đẹp lắm \nĐâu phải buồn đâu \nLúc mới yêu thật đẹp biết bao \nCớ sao ngày mai tự nhiên hai lối \nBước qua đời nhau thật rồi\n',0,0,'/resources/audio/Anh Đi Đi.mp3'),(49,'Chạm Đáy Nỗi Đau','Luôn bên em là tôi \nLâu nay không chút thay đổi \nThế nhưng bây giờ em \nMuốn chia tay vì tôi vẫn còn trẻ con \nBabe Kajima Stay here with me Kajima \nHụt hẫng \nGạt nước mắt nhớ ngày buồn nhất \nKhông muốn ai thay mình \nChăm sóc em những ngày tới \nThoáng nghĩ đã đau lòng \nNhưng trách ai đây ngoài tôi \nEm bước đi nhẹ nhàng \nEm đang xa tôi nhẹ nhàng \nNhưng trong anh bão tố \nGiấu hết bão tố trong tim \nNghẹn câu Em đừng đi nữa \nNhưng tại môi mím chặt \nChẳng thể một lần nói ra \nChẳng ai có thể chỉ \nMột ngày mà tốt hơn \nChẳng lầm lỗi nào \nChỉ một giây mà xóa mờ \nMình không thể lâu dài \nChỉ vì tôi ngây ngô \nNgốc nghếch nên tình thơ mới chết \nVô vọng trong bóng tối mình tôi \nThời gian sẽ minh chứng tất cả \nVà cũng có thể \nNgoảnh đi bỏ mặc chúng ta \nNgón tay ấy buông xuôi \nVì chẳng cần tôi ở bên \nĐã từ chối cơ hội để đợi tôi vững vàng \nNgồi khóc giữa cơn mưa \nMới thấu đâu là \nChạm đáy của nỗi đau \nNgày cuối ở bên \nMôi tôi không thể \nNuôi can đảm để thốt lên \nRời xa vòng tay \nEm cho tôi cảm giác \nNhung nhớ đến thế nào \nTừ biệt chưa nói câu chào \nMà sao muốn bước đi vội \nMới có nhau thôi \nLại xóa hết những yêu thương rồi \nBàn tay tôi nắm chặt \nNgước lên bầu Trời \nĐể nước mắt không tuôn rơi \nNgười là ánh sáng \nDẫn tôi tìm những giấc mơ \nGiờ phía trước mịt mù \nTrong bóng tối nỗi sợ I\'m losing you \nBabe Kajima Stay here with me Kajima \nHụt hẫng \nGạt nước mắt nhớ ngày buồn nhất \nTừ sâu trong lòng \nKhông muốn ai thay mình \nChăm sóc em những ngày tới \nThoáng nghĩ đã đau lòng \nNhưng trách ai đây ngoài tôi \nEm bước đi nhẹ nhàng \nEm đang xa tôi nhẹ nhàng \nNhưng trong anh bão tố \nGiấu hết bão tố trong tim \nNghẹn câu Em đừng đi nữa \nNhưng tại môi mím chặt \nChẳng thể một lần nói ra \nChẳng ai có thể chỉ \nMột ngày mà tốt hơn \nChẳng lầm lỗi nào \nChỉ một giây mà xóa mờ \nMình không thể lâu dài \nChỉ vì tôi ngây ngô \nNgốc nghếch nên tình thơ mới chết \nVô vọng trong bóng tối mình tôi \nThời gian sẽ minh chứng tất cả \nVà cũng có thể \nNgoảnh đi bỏ mặc chúng ta \nNgón tay ấy buông xuôi \nVì chẳng cần tôi ở bên \nĐã từ chối cơ hội để đợi tôi vững vàng \nNgồi khóc giữa cơn mưa \nMới thấu đâu là \nChạm đáy của nỗi đau \nBabe Babe Kajima \nBabe Kajima \nMình không thể lâu dài \nChỉ vì tôi ngây ngô \nThời gian sẽ minh chứng tất cả \nVà cũng có thể \nNgoảnh đi bỏ mặc chúng ta \nNgón tay ấy buông xuôi \nVì chẳng cần tôi ở bên \nĐã từ chối cơ hội để đợi tôi vững vàng \nNgồi khóc giữa cơn mưa \nMới thấu đâu là \nChạm đáy của nỗi đau \nKhông muốn ai thay mình \nChăm sóc em những ngày tới \nThoáng nghĩ đã đau lòng \nNhưng trách ai đây ngoài tôi\n',0,0,'/resources/audio/Chạm Đáy Nỗi Đau.mp3'),(50,'Có Tất Cả Nhưng Thiếu Anh','Anh đang trong từng ngày \nNhìn em đổi thay \nAnh chưa bao giờ nghĩ là nhanh đến vậy \nCó những nỗi buồn \nTừ đâu chẳng một ai muốn \nNhưng tại sao \nMột người nơi nao \nTự nhiên cướp lấy em đi \nBằng cách nào \nDuyên nợ mình trả hết cho nhau \nThật vậy sao \nGiọt nước mắt anh rơi hỏi em ơi tại sao \nVì yêu, mà anh thấu hiểu \nDù em có là gì em chẳng có gì vẫn yêu \nTrả lại em, của anh lúc đầu \nAnh muốn bên em \nĐến lúc em già vẫn là của anh \nVậy tại sao, tình yêu mà anh đã trao \nRồi nỡ còn đi lấy lại \nTrao ai chẳng an phận ở lại \nChẳng lẽ, là anh nhìn sai mất rồi \nThôi để em lại anh sẽ không phiền \nLàm em nghĩ thêm \nĐến lúc em có tất cả \nQuay lại, lại chẳng có anh \nNgười còn yêu sẽ chẳng đắn đo \nHết yêu thì tìm mọi lý do \nCạnh một ai mà chẳng biết sai \nLà tự thiêu đi lòng nhẫn nại \nTình yêu sẽ có những lúc rất sâu đậm \nLà lúc dễ mắc sai lầm \nLạ thay đôi khi ra đi chỉ vì quá tốt \nMột người nơi nao \nTự nhiên cướp lấy em đi \nBằng cách nào \nDuyên nợ mình trả hết cho nhau \nThật vậy sao \nGiọt nước mắt anh rơi hỏi em ơi tại sao \nVì yêu, mà anh thấu hiểu \nDù em có là gì em chẳng có gì vẫn yêu \nTrả lại em, người yêu của anh lúc đầu \nAnh muốn bên em \nĐến lúc em già vẫn là của anh \nVậy tại sao, tình yêu mà anh đã trao \nRồi nỡ còn đi lấy lại \nTrao ai chẳng an phận ở lại \nChẳng lẽ, là anh nhìn sai mất rồi \nThôi để em lại anh sẽ không phiền \nLàm em nghĩ thêm \nVì yêu, mà anh thấu hiểu \nDù em có là gì em chẳng có gì vẫn yêu \nChẳng lẽ, là anh nhìn sai mất rồi \nThôi để em lại anh sẽ không phiền \nLàm em nghĩ thêm \nVậy tại sao, tình yêu mà anh đã trao \nRồi nỡ còn đi lấy lại \nTrao ai chẳng an phận ở lại \nChẳng lẽ, là anh nhìn sai mất rồi \nThôi để em lại anh sẽ không phiền \nLàm em nghĩ thêm \nĐến lúc em có tất cả \nQuay lại, lại chẳng có anh\n',0,0,'/resources/audio/Có Tất Cả Nhưng Thiếu Anh.mp3'),(51,'Đừng Xin Lỗi Nữa (Lala - Hãy Để Em Yêu Anh OST)','Ở góc căn phòng kia \nLạnh vắng không còn tiếng nói cười \nTừ lúc ta lặng im như thế \nTa chẳng còn buồn như xưa \nCòn chút đau lòng ta cất hết \nCòn chút hy vọng ta đánh rơi \nTới đây được rồi \nChắc không thể đi xa nữa đâu em \nĐiều gì ngăn đôi chúng ta \nKhi hai trái tim đổi thay \nMình từng yêu nhau như thế \nCớ sao thế này \nĐường còn xa \nMà không bước cùng bên nhau \nNhà ở đây mà sao \nKhác nhau lối về \nĐừng xin lỗi nữa sẽ rất đau \nĐừng xin lỗi nữa cứ thế mà đi \nĐừng nói lời chi \nDù tim vẫn giấu biết bao điều \nĐừng tiếc nuối \nĐôi tay đã muốn buông rời \nGiờ điều tốt nhất \nLà để em bước ra đi \nVề nơi có nắng ngập tràn \nQuên một người đã từng yêu \nCùng giấc mơ buồn mãi nơi đây \nMai đừng tắt nhé nụ cười trên môi \nBiết nói thêm gì đây \nNhững lời yêu đã không thể đầy \nMình từng yêu nhau như thế \nCớ sao thế này \nĐường còn xa mà \nKhông bước cùng bên nhau \nNhà ở đây mà sao khác nhau lối về \nĐừng xin lỗi nữa chỉ thêm đau \nĐừng xin lỗi nữa cứ thế mà đi \nĐừng nói lời chi \nDù tim vẫn giấu biết bao điều \nĐừng tiếc nuối \nĐôi tay đã muốn buông rời \nGiờ điều tốt nhất \nLà để anh bước ra đi \nVề nơi có nắng ngập tràn \nQuên một người đã từng yêu \nGiấc mơ buồn đến bao nhiêu \nMột mai kia thức giấc cạnh ai \nVòng tay kia quên anh mãi mãi \nThì phải vui thật vui \nĐừng khóc đừng buồn nhé em \nHãy hứa đi \nĐường còn xa \nChọn một ai sát bên anh \nTrên đường xa chung đôi \nĐừng xin lỗi \nĐừng tiếc nuối những điều đã mãi xa \nGood bye \nThôi cứ thế mà đi \nĐừng nói lời chi \nDù tim vẫn giấu biết bao điều \nĐừng tiếc nuối \nĐôi tay đã muốn buông rời \nGiờ điều tốt nhất \nLà để anh bước ra đi \nVề nơi có nắng ngập tràn \nQuên một người đã từng yêu \nDù giấc mơ buồn đến bao nhiêu \nMai đừng tắt nhé nụ cười trên môi\n',0,0,'/resources/audio/Đừng Xin Lỗi Nữa (Lala - Hãy Để Em Yêu Anh OST).mp3'),(52,'Em Không Sai Chúng Ta Sai','Anh đang trong từng ngày \nNhìn em đổi thay \nAnh chưa bao giờ nghĩ là nhanh đến vậy \nCó những nỗi buồn \nTừ đâu chẳng một ai muốn \nNhưng tại sao \nMột người nơi nao \nTự nhiên cướp lấy em đi \nBằng cách nào \nDuyên nợ mình trả hết cho nhau \nThật vậy sao \nGiọt nước mắt anh rơi hỏi em ơi tại sao \nVì yêu, mà anh thấu hiểu \nDù em có là gì em chẳng có gì vẫn yêu \nTrả lại em, của anh lúc đầu \nAnh muốn bên em \nĐến lúc em già vẫn là của anh \nVậy tại sao, tình yêu mà anh đã trao \nRồi nỡ còn đi lấy lại \nTrao ai chẳng an phận ở lại \nChẳng lẽ, là anh nhìn sai mất rồi \nThôi để em lại anh sẽ không phiền \nLàm em nghĩ thêm \nĐến lúc em có tất cả \nQuay lại, lại chẳng có anh \nNgười còn yêu sẽ chẳng đắn đo \nHết yêu thì tìm mọi lý do \nCạnh một ai mà chẳng biết sai \nLà tự thiêu đi lòng nhẫn nại \nTình yêu sẽ có những lúc rất sâu đậm \nLà lúc dễ mắc sai lầm \nLạ thay đôi khi ra đi chỉ vì quá tốt \nMột người nơi nao \nTự nhiên cướp lấy em đi \nBằng cách nào \nDuyên nợ mình trả hết cho nhau \nThật vậy sao \nGiọt nước mắt anh rơi hỏi em ơi tại sao \nVì yêu, mà anh thấu hiểu \nDù em có là gì em chẳng có gì vẫn yêu \nTrả lại em, người yêu của anh lúc đầu \nAnh muốn bên em \nĐến lúc em già vẫn là của anh \nVậy tại sao, tình yêu mà anh đã trao \nRồi nỡ còn đi lấy lại \nTrao ai chẳng an phận ở lại \nChẳng lẽ, là anh nhìn sai mất rồi \nThôi để em lại anh sẽ không phiền \nLàm em nghĩ thêm \nVì yêu, mà anh thấu hiểu \nDù em có là gì em chẳng có gì vẫn yêu \nChẳng lẽ, là anh nhìn sai mất rồi \nThôi để em lại anh sẽ không phiền \nLàm em nghĩ thêm \nVậy tại sao, tình yêu mà anh đã trao \nRồi nỡ còn đi lấy lại \nTrao ai chẳng an phận ở lại \nChẳng lẽ, là anh nhìn sai mất rồi \nThôi để em lại anh sẽ không phiền \nLàm em nghĩ thêm \nĐến lúc em có tất cả \nQuay lại, lại chẳng có anh\n',0,0,'/resources/audio/Em Không Sai Chúng Ta Sai.mp3'),(53,'Ghen','Hai giờ sáng \nAnh gọi em không nhấc máy \nKhông một tin nhắn từ tối qua \nKhông hề biết \nEm ngủ chưa hay vẫn thức \nHay đang ở một nơi rất xa \nCó lẽ em đang vui bên người khác \nTrong một vòng tay ấm áp \nCó lẽ em đang say trong ảo giác \nTừng hờn ghen như bừng cháy lên \nBởi vì anh ghen ghen ghen ghen mà \nVì anh đang yêu thôi thôi thôi mà \nLà anh đang ghen ghen ghen ghen mà \nBởi vì anh đã quá yêu em \nQuá yêu em \nGhen ghen ghen ghen mà \nVì anh đang yêu thôi thôi thôi mà \nLà anh đang ghen ghen ghen ghen mà \nBởi vì anh đã quá yêu em \nQuá yêu em \nBởi vì anh đã quá yêu em \nQuá yêu em \nBa giờ sáng \nCăn phòng khuya đang ấm áp \nMong rằng tin nhắn chợt lướt qua \nEm ở đâu đã ngủ chưa \nHay vẫn thức \nHay bây giờ đây anh đến nha \nCó lẽ anh luôn kêu không cần thiết \nChắc điều đấy anh cũng biết \nCó lẽ anh luôn say trong ảo giác \nTừng hờn ghen như bùng cháy lên \nBởi vì anh ghen ghen ghen ghen mà \nVì anh đang yêu thôi thôi thôi mà \nLà anh đang ghen ghen ghen ghen mà \nBởi vì anh đã quá yêu em \nQuá yêu em \nGhen ghen ghen ghen mà \nVì anh đang yêu thôi thôi thôi mà \nLà anh đang ghen ghen ghen ghen mà \nBởi vì anh đã quá yêu em \nQuá yêu em \nQuá yêu em quá yêu em \nBởi vì anh đã quá yêu em \nQuá yêu em \nVì anh quá yêu em \nChỉ muốn đến bên em \nVà giữ em cho riêng mình anh \nLàm sao để cho em \nHiểu được trái tim anh \nCứ phát điên vì em mà thôi \nVà em cũng yêu anh \nChỉ muốn đến bên anh \nĐể xóa tan bao nhiêu buồn lo \nCause I just wanna \nMake you my baby \nBởi vì anh ghen ghen ghen ghen mà \nVì anh đang yêu thôi thôi thôi mà \nLà anh đang ghen ghen ghen ghen mà \nBởi vì anh đã quá yêu em \nQuá yêu em \nGhen ghen ghen ghen mà \nVì anh đang yêu thôi thôi thôi mà \nLà anh đang ghen ghen ghen ghen mà \nBởi vì anh đã quá yêu em \nQuá yêu em \nQuá yêu em quá yêu em \nBởi vì anh đã quá yêu em \nQuá yêu em \nBởi vì anh ghen ghen ghen ghen mà \nVì anh đang yêu thôi thôi thôi mà \nLà anh đang ghen ghen ghen ghen mà \nBởi vì anh đã quá yêu em \nQuá yêu em \nGhen ghen ghen ghen mà \nVì anh đang yêu thôi thôi thôi mà \nLà anh đang ghen ghen ghen ghen mà \nBởi vì anh đã quá yêu em \nQuá yêu em\n',0,0,'/resources/audio/Ghen.mp3'),(54,'Không Thể Cùng Nhau Suốt Kiếp','Luôn bên em là tôi \nLâu nay không chút thay đổi \nThế nhưng bây giờ em \nMuốn chia tay vì tôi vẫn còn trẻ con \nBabe Kajima Stay here with me Kajima \nHụt hẫng \nGạt nước mắt nhớ ngày buồn nhất \nKhông muốn ai thay mình \nChăm sóc em những ngày tới \nThoáng nghĩ đã đau lòng \nNhưng trách ai đây ngoài tôi \nEm bước đi nhẹ nhàng \nEm đang xa tôi nhẹ nhàng \nNhưng trong anh bão tố \nGiấu hết bão tố trong tim \nNghẹn câu Em đừng đi nữa \nNhưng tại môi mím chặt \nChẳng thể một lần nói ra \nChẳng ai có thể chỉ \nMột ngày mà tốt hơn \nChẳng lầm lỗi nào \nChỉ một giây mà xóa mờ \nMình không thể lâu dài \nChỉ vì tôi ngây ngô \nNgốc nghếch nên tình thơ mới chết \nVô vọng trong bóng tối mình tôi \nThời gian sẽ minh chứng tất cả \nVà cũng có thể \nNgoảnh đi bỏ mặc chúng ta \nNgón tay ấy buông xuôi \nVì chẳng cần tôi ở bên \nĐã từ chối cơ hội để đợi tôi vững vàng \nNgồi khóc giữa cơn mưa \nMới thấu đâu là \nChạm đáy của nỗi đau \nNgày cuối ở bên \nMôi tôi không thể \nNuôi can đảm để thốt lên \nRời xa vòng tay \nEm cho tôi cảm giác \nNhung nhớ đến thế nào \nTừ biệt chưa nói câu chào \nMà sao muốn bước đi vội \nMới có nhau thôi \nLại xóa hết những yêu thương rồi \nBàn tay tôi nắm chặt \nNgước lên bầu Trời \nĐể nước mắt không tuôn rơi \nNgười là ánh sáng \nDẫn tôi tìm những giấc mơ \nGiờ phía trước mịt mù \nTrong bóng tối nỗi sợ I\'m losing you \nBabe Kajima Stay here with me Kajima \nHụt hẫng \nGạt nước mắt nhớ ngày buồn nhất \nTừ sâu trong lòng \nKhông muốn ai thay mình \nChăm sóc em những ngày tới \nThoáng nghĩ đã đau lòng \nNhưng trách ai đây ngoài tôi \nEm bước đi nhẹ nhàng \nEm đang xa tôi nhẹ nhàng \nNhưng trong anh bão tố \nGiấu hết bão tố trong tim \nNghẹn câu Em đừng đi nữa \nNhưng tại môi mím chặt \nChẳng thể một lần nói ra \nChẳng ai có thể chỉ \nMột ngày mà tốt hơn \nChẳng lầm lỗi nào \nChỉ một giây mà xóa mờ \nMình không thể lâu dài \nChỉ vì tôi ngây ngô \nNgốc nghếch nên tình thơ mới chết \nVô vọng trong bóng tối mình tôi \nThời gian sẽ minh chứng tất cả \nVà cũng có thể \nNgoảnh đi bỏ mặc chúng ta \nNgón tay ấy buông xuôi \nVì chẳng cần tôi ở bên \nĐã từ chối cơ hội để đợi tôi vững vàng \nNgồi khóc giữa cơn mưa \nMới thấu đâu là \nChạm đáy của nỗi đau \nBabe Babe Kajima \nBabe Kajima \nMình không thể lâu dài \nChỉ vì tôi ngây ngô \nThời gian sẽ minh chứng tất cả \nVà cũng có thể \nNgoảnh đi bỏ mặc chúng ta \nNgón tay ấy buông xuôi \nVì chẳng cần tôi ở bên \nĐã từ chối cơ hội để đợi tôi vững vàng \nNgồi khóc giữa cơn mưa \nMới thấu đâu là \nChạm đáy của nỗi đau \nKhông muốn ai thay mình \nChăm sóc em những ngày tới \nThoáng nghĩ đã đau lòng \nNhưng trách ai đây ngoài tôi\n',0,0,'/resources/audio/Không Thể Cùng Nhau Suốt Kiếp.mp3'),(55,'Lạc Nhau Có Phải Muôn Đời','Đã mất nhau thật rồi \nBởi vì em quá nhiều đổi thay \nĐã mệt mỏi khi cố gắng chấp nhận \nSau những gì anh đã trao em \nThì em có quá nhẫn tâm không? \nĐừng nói yêu làm gì \nVì anh đã quá nhiều tổn thương \nMôi im lặng nhưng trong tim cảm nhận \nHết những lời cay đắng \nCòn yêu thương đã đi về đâu? \nGiấu đi những niềm đau \nRồi ta sẽ ra sao? \nNgồi bên nhau... \nNhưng vẫn thấy cô đơn biết bao \nGhì chặt vào cơn đau, \nĐể nước mắt lặng xuống \nLòng càng cố níu kéo \nTay càng buông \nVì em, anh sẽ ra đi \nĐể em được vui \nBuồn thêm chút nữa \nAnh cũng ngậm ngùi \nXóa tên của anh trong ký ức \nEm sẽ hạnh phúc hơn \nVì em anh sẽ... \nMột mình nhận lấy \nGiông tố ngoài kia \nBình yên em hãy giữ cho em \nChỉ cần em luôn vui \nVì đó cũng chỉ là \nĐiều cuối anh cần làm... \nTrước lúc ta…chia ly \nGiấu đi những niềm đau \nRồi ta sẽ ra sao? \nNgồi bên nhau... \nNhưng vẫn thấy cô đơn biết bao \nGhì chặt vào cơn đau, \nĐể nước mắt lặng xuống \nLòng càng cố níu kéo \nTay càng buông \nVì em, anh sẽ ra đi \nĐể em được vui \nBuồn thêm chút nữa \nAnh cũng ngậm ngùi \nXóa tên của anh trong ký ức \nEm sẽ hạnh phúc hơn \nVì em anh sẽ... \nMột mình nhận lấy \nGiông tố ngoài kia \nBình yên em hãy giữ cho em \nChỉ cần em luôn vui \nVì đó cũng chỉ là... \nMột điều anh cần làm \nKhi đã biết... \nAnh đã mất em mãi mãi rồi \nMột người nhắc tên em \nNgỡ rằng anh đã quên \nNhưng vẫn đau như ngày đầu tiên \nThì đừng nhớ tên anh \nĐừng cố gắng nữa chi \nNiềm vui cho em \nLà khi chẳng còn anh ở bên \nHãy quên... \nChúng ta từng yêu \nTừng hạnh phúc quá nhiều \nThời gian sẽ xóa đi hết bao điều \nHứa bên cạnh nhau mãi mãi \nRồi cứ thế cũng nhạt phai \nNgày đầu bên nhau, đã là lầm lỗi \nYêu em anh đã sai \nThì thôi coi như chưa bắt đầu \nDù mai anh ra đi \nĐiều cuối anh cần làm \nLà thấy em được hạnh phúc với ai\n',0,0,'/resources/audio/Lạc Nhau Có Phải Muôn Đời.mp3'),(56,'Mình Chia Tay Đi','Đã mất nhau thật rồi \nBởi vì em quá nhiều đổi thay \nĐã mệt mỏi khi cố gắng chấp nhận \nSau những gì anh đã trao em \nThì em có quá nhẫn tâm không? \nĐừng nói yêu làm gì \nVì anh đã quá nhiều tổn thương \nMôi im lặng nhưng trong tim cảm nhận \nHết những lời cay đắng \nCòn yêu thương đã đi về đâu? \nGiấu đi những niềm đau \nRồi ta sẽ ra sao? \nNgồi bên nhau... \nNhưng vẫn thấy cô đơn biết bao \nGhì chặt vào cơn đau, \nĐể nước mắt lặng xuống \nLòng càng cố níu kéo \nTay càng buông \nVì em, anh sẽ ra đi \nĐể em được vui \nBuồn thêm chút nữa \nAnh cũng ngậm ngùi \nXóa tên của anh trong ký ức \nEm sẽ hạnh phúc hơn \nVì em anh sẽ... \nMột mình nhận lấy \nGiông tố ngoài kia \nBình yên em hãy giữ cho em \nChỉ cần em luôn vui \nVì đó cũng chỉ là \nĐiều cuối anh cần làm... \nTrước lúc ta…chia ly \nGiấu đi những niềm đau \nRồi ta sẽ ra sao? \nNgồi bên nhau... \nNhưng vẫn thấy cô đơn biết bao \nGhì chặt vào cơn đau, \nĐể nước mắt lặng xuống \nLòng càng cố níu kéo \nTay càng buông \nVì em, anh sẽ ra đi \nĐể em được vui \nBuồn thêm chút nữa \nAnh cũng ngậm ngùi \nXóa tên của anh trong ký ức \nEm sẽ hạnh phúc hơn \nVì em anh sẽ... \nMột mình nhận lấy \nGiông tố ngoài kia \nBình yên em hãy giữ cho em \nChỉ cần em luôn vui \nVì đó cũng chỉ là... \nMột điều anh cần làm \nKhi đã biết... \nAnh đã mất em mãi mãi rồi \nMột người nhắc tên em \nNgỡ rằng anh đã quên \nNhưng vẫn đau như ngày đầu tiên \nThì đừng nhớ tên anh \nĐừng cố gắng nữa chi \nNiềm vui cho em \nLà khi chẳng còn anh ở bên \nHãy quên... \nChúng ta từng yêu \nTừng hạnh phúc quá nhiều \nThời gian sẽ xóa đi hết bao điều \nHứa bên cạnh nhau mãi mãi \nRồi cứ thế cũng nhạt phai \nNgày đầu bên nhau, đã là lầm lỗi \nYêu em anh đã sai \nThì thôi coi như chưa bắt đầu \nDù mai anh ra đi \nĐiều cuối anh cần làm \nLà thấy em được hạnh phúc với ai\n',0,0,'/resources/audio/Mình Chia Tay Đi.mp3'),(57,'Sau Tất Cả','Anh đi đi \nĐừng ở đây cố gắng ghi \nTìm những hy vọng \nEm suy nghĩ \nVề việc tình yêu dở dang \nMờ đi nhớ mong \nBiết chắc là với tình yêu ấy \nCố nắm chặt càng dễ buông \nBiết chắc là đến đêm lại buồn \nEm suy nghĩ về lời nói dối của anh \nNước mắt cứ rơi \nAnh đi đi đợi chờ em tha thứ \nCho lòng anh mới vui \nBiết chắc là bao lần anh vẫn thế \nEm tuổi thân thấy không \nBiết chắc là mỗi đêm lại buồn \nNgồi xuống tim đau lòng buồn \nNước mắt cứ rơi mà chẳng một ai ở bên \nVới em tình yêu đẹp lắm \nĐâu phải buồn đâu \nLúc mới yêu thật đẹp biết bao \nCớ sao ngày mai tự nhiên hai lối \nBước qua đời nhau thật rồi \nMưa rơi mãi \nĐể lời chia tay phải chăng trời đã an bài \nLà vì ai, mà ngày hôm nay chúng ta \nChẳng nhìn thấy nhau \nDẫu biết rằng, bao khi dù đã vỡ \nKhông lại niệm vẫn mơ \nDẫn bít rằng vẫn thương vẫn chờ \nNgồi xuống tim đau lòng buồn \nNước mắt cứ rơi mà chẳng một ai ở bên \nVới em tình yêu đẹp lắm \nĐâu phải buồn đâu \nLúc mới yêu thật đẹp biết bao \nCớ sao ngày mai tự nhiên hai lối \nBước qua đời nhau thật rồi \nKhi yêu chẳng phải anh đã nói \nKhông rời xa nhé mà \nRồi một ngày gió lay chỉ biết buông tay \nCon tim này đau đớn hơn \nKhi nhìn ai bước đi mà chẳng thể níu \nDặn lòng một ai sẽ tốt với ai \nNgồi xuống tim đau lòng buồn \nNước mắt cứ rơi mà chẳng một ai ở bên \nVới em tình yêu đẹp lắm \nĐâu phải buồn đâu \nLúc mới yêu thật đẹp biết bao \nCớ sao ngày mai tự nhiên hai lối \nBước qua đời nhau thật rồi\n',0,0,'/resources/audio/Sau Tất Cả.mp3'),(58,'Bạc Phận','Ai gieo tình này \nAi mang tình này \nĐể lệ trên khóe mi cay \nAi đưa về nhà \nAi cho ngọc ngà \nGiờ người xa cách ta \nTừng là một thời thiếu nữ \nTrong vùng quê nghèo \nHồn nhiên cài hoa mái đầu \nDòng người vội vàng \nEm hóa thân đời bẽ bàng \nRời xa tình anh năm tháng \nÔi phút giây tương phùng \nAnh nhớ và mong \nDòng lưu bút năm xưa \nIn dấu mãi đậm sâu \nTrong nỗi đau anh mệt nhoài \nTrong phút giây anh tìm hoài \nMuốn giữ em ở lại một lần này \nVì anh mãi thương \nXa cách nhau thật rồi \nSương trắng chiều thu \nNgày em bước ra đi \nNước mắt ấy biệt li \nHoa vẫn rơi bên thềm nhà \nLá xác xơ đi nhiều và \nAnh chúc em yên bình \nMối tình mình hẹn em kiếp sau \nThoáng thoáng, ngày miên man \nGiờ con nước dài thênh thang \nKhông trách, người không thương \nMà hương tóc còn vương vương \nGửi tặng em màu son cỏ dại \nChút bình yên trên môi bỏ lại \nNước mắt nào thấm đẫm cả hai vai \nMắt phượng mày ngài \nNgười phải tìm đến thiên thai \nÀ ơi câu hát \nEm không cần những lời khuyên \nEm buông thả mình \nVà chẳng màng đến tình duyên \nĐời em phiêu bạc \nĐau đớn lắm lúc cũng vì tiền \nThương thân em khổ \nĐể một lần cùng chí tuyến \nGiờ em ở nơi khuê phòng \nNgày mai nữa em theo chồng \nVà tô má em thêm hồng \nÔi đớn đau lòng ôi đớn đau lòng \nBình minh dẫn em đi rồi \nVòng xoay bánh xe luân hồi \nHoàng hôn khuất sau lưng đồi \nÔi vỡ tan rồi ôi vỡ tan rồi \nMột ngày buồn mây tím \nEm về thôn làng \nMẹ cha của em vỡ òa \nGiọt lệ chạnh lòng em khóc \nThương người sang đò \nHồng nhan bạc phận sóng gió \nÔi phút giây tương phùng \nAnh nhớ và mong \nDòng lưu bút năm xưa \nIn dấu mãi đậm sâu \nTrong nỗi đau anh mệt nhoài \nTrong phút giây anh tìm hoài \nMuốn giữ em ở lại một lần này \nVì anh mãi thương \nXa cách nhau thật rồi \nSương trắng chiều thu \nNgày em bước ra đi \nNước mắt ấy biệt li \nHoa vẫn rơi bên thềm nhà \nLá xác xơ đi nhiều và \nAnh chúc em yên bình \nMối tình mình hẹn em kiếp sau \nEm ở nơi khuê phòng \nMai nữa em theo chồng \nTô má em thêm hồng \nÔi đớn đau lòng ôi đớn đau lòng \nBình minh dẫn em đi rồi \nVòng xoay bánh xe luân hồi \nHoàng hôn khuất sau lưng đồi \nÔi vỡ tan rồi ôi vỡ tan rồi \nXa cách nhau thật rồi \nSương trắng chiều thu \nNgày em bước ra đi \nNước mắt ấy biệt li \nHoa vẫn rơi bên thềm nhà \nLá xác xơ đi nhiều và \nAnh chúc em yên bình \nMối tình mình hẹn em kiếp sau\nAi gieo tình này \nAi mang tình này \nĐể lệ trên khóe mi cay \nAi đưa về nhà \nAi cho ngọc ngà \nGiờ người xa cách ta \nTừng là một thời thiếu nữ \nTrong vùng quê nghèo \nHồn nhiên cài hoa mái đầu \nDòng người vội vàng \nEm hóa thân đời bẽ bàng \nRời xa tình anh năm tháng \nÔi phút giây tương phùng \nAnh nhớ và mong \nDòng lưu bút năm xưa \nIn dấu mãi đậm sâu \nTrong nỗi đau anh mệt nhoài \nTrong phút giây anh tìm hoài \nMuốn giữ em ở lại một lần này \nVì anh mãi thương \nXa cách nhau thật rồi \nSương trắng chiều thu \nNgày em bước ra đi \nNước mắt ấy biệt li \nHoa vẫn rơi bên thềm nhà \nLá xác xơ đi nhiều và \nAnh chúc em yên bình \nMối tình mình hẹn em kiếp sau \nThoáng thoáng, ngày miên man \nGiờ con nước dài thênh thang \nKhông trách, người không thương \nMà hương tóc còn vương vương \nGửi tặng em màu son cỏ dại \nChút bình yên trên môi bỏ lại \nNước mắt nào thấm đẫm cả hai vai \nMắt phượng mày ngài \nNgười phải tìm đến thiên thai \nÀ ơi câu hát \nEm không cần những lời khuyên \nEm buông thả mình \nVà chẳng màng đến tình duyên \nĐời em phiêu bạc \nĐau đớn lắm lúc cũng vì tiền \nThương thân em khổ \nĐể một lần cùng chí tuyến \nGiờ em ở nơi khuê phòng \nNgày mai nữa em theo chồng \nVà tô má em thêm hồng \nÔi đớn đau lòng ôi đớn đau lòng \nBình minh dẫn em đi rồi \nVòng xoay bánh xe luân hồi \nHoàng hôn khuất sau lưng đồi \nÔi vỡ tan rồi ôi vỡ tan rồi \nMột ngày buồn mây tím \nEm về thôn làng \nMẹ cha của em vỡ òa \nGiọt lệ chạnh lòng em khóc \nThương người sang đò \nHồng nhan bạc phận sóng gió \nÔi phút giây tương phùng \nAnh nhớ và mong \nDòng lưu bút năm xưa \nIn dấu mãi đậm sâu \nTrong nỗi đau anh mệt nhoài \nTrong phút giây anh tìm hoài \nMuốn giữ em ở lại một lần này \nVì anh mãi thương \nXa cách nhau thật rồi \nSương trắng chiều thu \nNgày em bước ra đi \nNước mắt ấy biệt li \nHoa vẫn rơi bên thềm nhà \nLá xác xơ đi nhiều và \nAnh chúc em yên bình \nMối tình mình hẹn em kiếp sau \nEm ở nơi khuê phòng \nMai nữa em theo chồng \nTô má em thêm hồng \nÔi đớn đau lòng ôi đớn đau lòng \nBình minh dẫn em đi rồi \nVòng xoay bánh xe luân hồi \nHoàng hôn khuất sau lưng đồi \nÔi vỡ tan rồi ôi vỡ tan rồi \nXa cách nhau thật rồi \nSương trắng chiều thu \nNgày em bước ra đi \nNước mắt ấy biệt li \nHoa vẫn rơi bên thềm nhà \nLá xác xơ đi nhiều và \nAnh chúc em yên bình \nMối tình mình hẹn em kiếp sau',0,0,'/resources/audio/Bạc Phận.mp3'),(59,'Em Gì Ơi','Đừng khóc như thế \nXin đừng khóc như thế \nBao nhiêu niềm đau chôn dấu \nMong ngày sẽ trôi mau \nĐời phong ba, độc thân bước chân Sơn Hà \nBuổi sáng hôm ấy \nKhi còn trắng sương bay \nTa như là gió phiêu lãng \nMang hành lý thương nhớ \nChẳng sao đâu, sầu bi có khi còn lâu \nLạc mình trong cánh buồm phiêu du \nChiếc thuyền đong đưa \nNhững ngày xa xưa \nBé nhỏ hay thưa Mẹ thưa Cha \nRằng con đi học mới về \nGiờ tung bay, khúc nhạc mê say \nNỗi lòng tha hương, vướng đường tương lai \nƯớc rằng ngày mai nắng lên \nNgày mai nắng lên ta sẽ quên \nNày này này là em gì ơi \nEm gì ơi, em gì ơi! \nỞ lại và yêu được không \nYêu được không, yêu được không \nThật lòng này ta chỉ mong ta chỉ mong \nBên dòng sông, người có nhớ có trông ai... \nViệc gì phải ôm buồn đau \nRiêng mình ta riêng mình ta \nNụ cười nở muôn ngàn hoa \nMuôn ngàn hoa, muôn ngàn hoa \nCuộc đời này thật là vui biết bao \nTrời cao núi xanh mây ngàn sao \nKhi bánh xe còn lăn bánh \nKhi bánh xe còn lăn bánh \nTa xoay vòng với cuộc sống hối hả \nQuên đi mộng ước thanh xuân đã trôi qua \nTa ngại va chạm khi nhiều lần dối trá \nNhững lần áp lực bởi công việc muốn đi xa \nVứt hết một lần trước khi nhìn đời thoái hóa \nTự do tự tại như chim trời và thi ca \nBước qua nà \nĐời nhiều lúc cảm thấy rất nhiều trò \nThôi ta giang tay ôm lấy cả bầu trời! \nHỡi bạn thân ơi! Lá mù u rơi \nKhát vọng ra khơi, chúng mình đi chơi \nBước thật hiên ngang, lối về thênh thang \nChẳng cần cao sang, nỗi lòng sang trang và từ nay \nLạc mình trong cánh buồm phiêu du \nChiếc thuyền đong đưa \nNhững ngày xa xưa \nBé nhỏ hay thưa Mẹ thưa Cha \nRằng con đi học mới về \nGiờ tung bay, khúc nhạc mê say \nNỗi lòng tha hương, vướng đường tương lai \nƯớc rằng ngày mai nắng lên \nNgày mai nắng lên ta sẽ quên \nNày này này là em gì ơi \nEm gì ơi, em gì ơi! \nỞ lại và yêu được không \nYêu được không, yêu được không \nThật lòng này ta chỉ mong ta chỉ mong \nBên dòng sông, người có nhớ có trông ai... \nViệc gì phải ôm buồn đau \nRiêng mình ta riêng mình ta \nNụ cười nở muôn ngàn hoa \nMuôn ngàn hoa, muôn ngàn hoa \nCuộc đời này thật là vui biết bao \nTrời cao núi xanh mây ngàn sao \nNày này này là em gì ơi \nEm gì ơi, em gì ơi! \nỞ lại và yêu được không \nYêu được không, yêu được không \nThật lòng này ta chỉ mong ta chỉ mong \nBên dòng sông, người có nhớ có trông ai... \nViệc gì phải ôm buồn đau \nRiêng mình ta riêng mình ta \nNụ cười nở muôn ngàn hoa \nMuôn ngàn hoa, muôn ngàn hoa \nCuộc đời này thật là vui biết bao \nTrời cao núi xanh mây ngàn sao\n',0,0,'/resources/audio/Em Gì Ơi.mp3'),(60,'Hoa Vô Sắc','Như giọt sương còn vương bàn tay \nGiọt lệ nào làm lệ nhòe mi em \nBình minh lên hoàng hôn buông \nNgày vừa xuống, nhành lưu ly \nKhi em đi mang theo mùa hạ \nRồi mùa đông với anh cô đơn thành lạ, và \nNhìn em lớn từ cô bé giờ thiếu nữ \nTự hào biết mấy \nMong bình yên sẽ đến \nCùng bầu trời đã có nhau \nDù chỉ là một giấc mơ \nTơ duyên tình ta chắc lỡ làng \nLạnh lùng ôm băng giá \nChuyện gì buồn cũng chống qua \nTựa đầu nhìn một đóa hoa \nLúc em hay ngây ngô suy tư nhìn anh \nCon tim anh nơi đây lặng im \nNhớ đến lòng này còn ngập ngừng \nNhớ đến lòng này còn bồi hồi \nOh I love you so \nSo I love you \nSo I love you \nI love you \nTuổi trẻ của anh \nLà những ngày mơ mộng \nXếp ngàn hạc giấy rồi bay bay \nTuổi trẻ của em \nLà những dòng nhật ký \nÔm hết kỷ vật nhìn hay hay \nNăm tháng ấy không nói ra, không viết ra \nHay thiết tha nay anh tiếc quá \nLạc mất nhau từ mùa phượng năm ấy \nLong lanh vệt nắng trời sang thu! \nAnh biết mà \nKhông nói ra, thế là \nThôi xem như là duyên số \nCây lung lay vì nay liễu phong \nNgười giờ còn ở đó không? \nTrông mong gì tôi, vỡ tan rồi \nBồi hồi giây phút \nEm đưa tay nhành hoa giấy \nMang cô liêu hình quả bóng bay \nAh hà ha làn tóc mây \nLúc em hay ngây ngô suy tư nhìn anh \nCon tim anh nơi đây lặng im \nNhớ đến lòng này còn ngập ngừng \nNhớ đến lòng này còn bồi hồi \nOh I love you so \nSo I love you \nLúc em hay ngây ngô suy tư nhìn anh \nCon tim anh nơi đây lặng im \nNhớ đến lòng này còn ngập ngừng \nNhớ đến lòng này còn bồi hồi \nOh I love you so \nSo I love you',0,0,'/resources/audio/Hoa Vô Sắc.mp3'),(61,'Hồng Nhan','Và dòng thư tay \nEm gửi trao anh ngày nào \nGiờ còn lại hư vô \nEm gửi anh đây lời chào \nMà nhìn người đi vội \nMình làm gì nên tội \nTại sao lại cách xa \nCòn yêu như thế mà \nĐể lệ hoen mi \nKhi mùa xuân đang thầm thì \nNhìn người mà ra đi \nAnh chẳng níu kéo điều gì \nMà nghe sao đáng thương \nNhìn nhau như cố hương \nTìm em ở bốn phương \nVì say nên vấn vương \nEm ơi vô tình dù tình mình gặp không may \nEm xa nơi này để giọt lệ ở bên đây \nBầu trời giờ hắt hiu nhìn về nơi đó đây \nNgoài trời thì có mây \nChỉ còn lại là đắng cay \nThương cha thương mẹ \nĐể đành lòng mà quay lưng \n25 âm lịch nhìn người cười mà rưng rưng \nBên kia là pháo hoa \nRộn ràng người đến xem \nHọ hàng mừng kết duyên \nCòn phần mình là hết duyên \nOhh... \nAnh như trẻ lạc \nCòn tâm tối giữa rừng thông \nNơi cánh chim nhỏ lạc đàn \nTìm bến đỗ để ngừng trông \nAnh là một con đom đóm \nMắt anh sáng đến xoay vòng \nGieo cho anh cả một mầm sống \nNhưng chẳng chịu công vun trồng \nVì lúc ấy ta còn trẻ \nNên đời bạc và mưu sinh \nAnh chưa học hết lớp 10 \nNgười ta gọi là lưu linh \nAnh gắn bó với sông nước \nVà cảnh vật này hữu tình \nCòn người ta cho em áo lụa \nHỏi tại sao chẳng phụ mình \nTình yêu ơi bình yên ơi \nVề đây đi để anh ôm \nĐể gió cuốn đêm nay ai đưa về nhà \nĐể gió vang lên câu tình ca \nĐể lệ hoen mi khi mùa xuân đang thầm thì \nNhìn người mà ra đi anh chẳng níu kéo điều gì \nMà nghe sao đáng thương \nNhìn nhau như cố hương \nTìm em ở bốn phương \nVì say nên vấn vương \nHết rồi cuối cùng nắng thì cũng đã ngã vàng \nBên người nhân tình \nEm phải thương bản thân mình \nBuồn lắm phải không \nGiã tràng lấp biển Đông \nBiết người cũng chả trông \nNên thôi câu chuyện thả ra sông \nNhưng nếu anh say như thế này thì ai xem \nNgười ta sẽ nói anh tệ \nVới những thứ mà em đem \nVì thế nên anh phải sống \nNhư cái cách anh từng mơ \nDù cho bản thân này hóa đá \nNhưng trái tim chẳng ngừng thở \nVà ba của anh là lính \nMá anh từng làm cán bộ \nAnh không cho phép mình khóc \nXe có hư cũng ráng độ \nĐời người là kiếp lãng du \nAnh chẳng may làm lữ khách \nĐi với nhau cả một hành trình \nGiờ có xa chẳng nỡ trách \nEm ước là đời của em bình yên \nChẳng buồn phiền như người ta \nMà giờ ra đây mà xem \nCó người đang lên kiệu hoa \nVà rồi sẽ tốt nhưng mà ở nơi khác \nChẳng còn bận lòng như ở đây \nTình yêu của anh thì có đủ mùi vị \nNhưng mà chẳng ngọt như ở tây \nNà na na na \nĐể lệ hoen mi khi mùa xuân đang thầm thì \nNhìn người mà ra đi anh chẳng níu kéo điều gì \nMà nghe sao đáng thương \nNhìn nhau như cố hương \nTìm em ở bốn phương \nVì say nên vấn',0,0,'/resources/audio/Hồng Nhan.mp3'),(62,'Sóng Gió','Hồng trần trên đôi cánh tay \nHọa đời em trong phút giây \nTừ ngày thơ ấy còn ngủ mơ \nĐến khi em thờ ơ ờ \nLòng người anh đâu có hay \nMột ngày khi vỗ cánh bay \nTừ người yêu hóa thành người dưng \nĐến khi ta tự xưng à \nThương em bờ vai nhỏ nhoi \nĐôi mắt hóa mây đêm \nThương sao mùi dạ lý hương \nVương vấn mãi bên thềm \nĐời phiêu du cố tìm \nMột người thật lòng \nDẫu trời mênh mong anh nhớ em \nChim kia về vẫn có đôi \nSao chẳng số phu thê \nEm ơi đừng xa cách tôi \nTrăng cố níu em về \nBình yên trên mái nhà \nNhìn đời ngược dòng \nEm còn bên anh có phải không? \nTrời ban ánh sáng, năm tháng tư bề \nDáng ai về chung lối \nNgười mang tia nắng \nNhưng cớ sao còn tăm tối \nMột mai em lỡ \nVấp ngã trên đời thay đổi \nNhìn về anh \nNgười chẳng khiến em lẻ loi \nOh! Nếu em có về \nAnh sẽ mang hết những suy tư \nMang hết hành trang \nNhững ngày sống khổ \nĐể cho gió biển di cư \nAnh thà lênh đênh \nKhông có ngày về \nHóa kiếp thân trai như Thủy Hử \nChẳng đành để em từ một cô bé \nSóng gió vây quanh thành quỷ dữ \nTa tự đẩy mình hay tự ta trói \nBây giờ có khác gì đâu \nTa chả bận lòng hay chẳng thể nói \nTụi mình có khác gì nhau \nYêu sao cánh điệp phủ mờ nét bút \nDẫu người chẳng hẹn đến về sau \nPhố thị đèn màu ta chỉ cần chung lối \nĐể rồi sống chết cũng vì nhau \nNhặt một nhành hoa rơi \nĐoạn đường về nhà thật buồn em ơi \nDòng người vội vàng giờ này \nTình ơi tình ơi tình ơi em ở đâu rồi \nLặng nhìn bờ vai xưa \nTựa đầu mình hỏi rằng khổ chưa \nĐành lòng chặn đường giờ \nĐừng đi đừng đi đừng đi vì câu hứa \nTrời ban ánh sáng năm tháng tư bề \nDáng ai về chung lối \nNgười mang tia nắng \nNhưng cớ sao còn tăm tối \nMột mai em lỡ vấp ngã \nTrên đời thay đổi \nNhìn về anh \nNgười chẳng khiến em lẻ loi \nNgày buồn giờ áo \nAi khâu vá quàng rồi \nLặng nhìn dòng nước \nCon sông phút bồi hồi \nMột lần này hỡi em ơi ở lại đi \nVạn trùng cơn đau \nNgoài kia chỉ là bão tố \nTrời ban ánh sáng năm tháng tư bề \nDáng ai về chung lối \nNgười mang tia nắng \nNhưng cớ sao còn tăm tối \nMột mai em lỡ \nVấp ngã trên đời thay đổi \nNhìn về anh \nNgười chẳng khiến em lẻ loi \nNgười thì vẫn đây \nNgười thì cách vạn dậm ngàn mây \nKhông say không về \nRượu nào mà chả đắng \nĐoạn đường dài giờ này quạnh vắng \nAi buông câu thề \nChỉ còn lại nỗi nhớ \nNgày nào chuyện tình mình vụn vỡ \nTơ duyên lỡ làng \nLùi lại về đằng xa \nCuộc đời mình chẳng bằng người ta \nTiếng lòng thở than',0,0,'/resources/audio/Sóng Gió.mp3'),(63,'Bước Qua Đời Nhau','Mình bước qua đời nhau \nĐể làm nhau đau \nĐể làm nhau khóc \nGặp nhau không muốn chào \nMình bước qua đời nhau \nĐể lại thương đau \nĐể lại vệt sâu có xóa mờ được đâu \nMình đã từng hạnh phúc \nPhải không em ơi \nMình từng chung lối \nKhổ đau lẫn tiếng cười \nMình đã luôn từng nói \nÀ không thể chưa \nMình từng thế ước mãi không bao giờ xa \nMà cớ sao ta giờ đây bước qua đời nhau \nRồi trái tim ta phải đau \nNhớ nhung vì nhau \nVà có khi nào em thấy \nTiếc nuối về ngày xưa \nVội vàng quá để mình mất nhau \nNgày đấy giá anh và em \nChúng ta đừng cố chấp \nNgày đấy giá anh và em \nChúng ta bình tĩnh hơn \nNgày đấy giá anh kìm nén \nMỗi khi mình cãi vã \nĐể hai ta hai ta sẽ không \nBước qua đời nhau \nMình bước qua đời nhau \nĐể làm nhau đau \nĐể làm nhau khóc \nGặp nhau không muốn chào \nMình bước qua đời nhau \nĐể lại thương đau \nĐể lại vệt sâu có xóa mờ được đâu \nMình đã từng hạnh phúc \nPhải không em ơi \nMình từng chung lối \nKhổ đau lẫn tiếng cười \nMình đã luôn từng nói \nÀ không thể chưa \nMình từng thế ước mãi không bao giờ xa \nMà cớ sao ta giờ đây bước qua đời nhau \nRồi trái tim ta phải đau \nNhớ nhung vì nhau \nVà có khi nào em thấy \nTiếc nuối về ngày xưa \nVội vàng quá để mình mất nhau \nNgày đấy giá anh và em \nChúng ta đừng cố chấp \nNgày đấy giá anh và em \nChúng ta bình tĩnh hơn \nNgày đấy giá anh kìm nén \nMỗi khi mình cãi vã \nĐể hai ta hai ta sẽ không \nBước qua đời nhau \nMà cớ sao ta giờ đây bước qua đời nhau \nRồi trái tim ta phải đau \nNhớ nhung vì nhau \nVà có khi nào em thấy \nTiếc nuối về ngày xưa \nVội vàng quá để mình mất nhau \nNgày đấy giá anh và em \nChúng ta đừng cố chấp \nNgày đấy giá anh và em \nChúng ta bình tĩnh hơn \nNgày đấy giá anh kìm nén \nMỗi khi mình cãi vã \nĐể hai ta hai ta sẽ không \nBước qua đời nhau\n',0,0,'/resources/audio/Bước Qua Đời Nhau.mp3'),(64,'Cuộc Vui Cô Đơn','Em ơi mình chia tay lâu rồi \nEm cũng đã \nYêu thêm người mới \nAnh thì vẫn cô đơn sớm tối \nBiết bao giờ con tim này \nĐược nghỉ ngơi \nChơi vơi giữa bão tố cuộc đời \nNước mắt cũng đã \nRơi nhiều rồi \nCô đơn trong \nCuộc vui đông người \nCố mỉm cười nhưng \nTrong lòng chẳng được vui. \nKhi đã yêu một ai thật lòng \nĐâu nói quên \nLà quên phải không \nKhi người ta đã hết yêu rồi \nThì níu kéo cũng chỉ vậy thôi \nNên đừng bao giờ \nGieo hi vọng \nRồi dập tắt \nCũng chỉ bằng không \nBây giờ nên học cách im lặng \nĐể ra đi khi tim \nĐã tổn thương \nChơi vơi giữa bão tố cuộc đời \nNước mắt cũng đã \nRơi nhiều rồi \nCô đơn trong \nCuộc vui đông người \nCố mỉm cười nhưng \nTrong lòng chẳng được vui. \nKhi đã yêu một ai thật lòng \nĐâu nói quên \nLà quên phải không \nKhi người ta đã hết yêu rồi \nThì níu kéo cũng chỉ vậy thôi \nNên đừng bao giờ \nGieo hi vọng \nRồi dập tắt \nCũng chỉ bằng không \nBây giờ nên học cách im lặng \nĐể ra đi khi tim \nĐã tổn thương \nKhi đã yêu một ai thật lòng \nĐâu nói quên \nLà quên phải không \nKhi người ta đã hết yêu rồi \nThì níu kéo cũng chỉ vậy thôi \nNên đừng bao giờ \nGieo hi vọng \nRồi dập tắt \nCũng chỉ bằng không \nBây giờ nên học cách im lặng \nĐể ra đi khi tim \nĐã tổn thương \nĐể ra đi khi tim \nĐã tổn thương',0,0,'/resources/audio/Cuộc Vui Cô Đơn.mp3'),(65,'Lá Xa Lìa Cành','Hôm nay mưa rơi tâm trí rối bời \nNhớ về một người ở nơi xa xôi \nChúng ta chia tay cũng lâu lắm rồi \nCớ sao hôm nay nước mắt lại rơi \nHôm chia tay nhau mưa rơi rất nhiều \nNhói đau con tim nào ai thấu hiểu \nBao năm bên nhau hạnh phúc thế mà \nĐắng cay chỉ trong giây phút là sao? \nNgười ta thường nói ngày mưa rơi \nLà ngày buồn nhất \nNgày ta đã đánh mất tất cả \nTrong tình yêu \nTừ người thương hóa người dưng \nDần khoảng cách không có điểm dừng \nGiờ anh mệt mỏi \nVới tình cảm em dành cho anh \nTựa như những chiếc lá cuối thu \nTrên cành cây xanh \nAnh đâu còn quyền lựa chọn đâu em \nEm muốn xa anh như lá xa lìa cành \nHôm chia tay nhau mưa rơi rất nhiều \nNhói đau con tim nào ai thấu hiểu \nBao năm bên nhau hạnh phúc thế mà \nĐắng cay chỉ trong giây phút là sao? \nNgười ta thường nói ngày mưa rơi \nLà ngày buồn nhất \nNgày ta đã đánh mất tất cả \nTrong tình yêu \nTừ người thương hóa người dưng \nDần khoảng cách không có điểm dừng \nGiờ anh mệt mỏi \nVới tình cảm em dành cho anh \nTựa như những chiếc lá cuối thu \nTrên cành cây xanh \nAnh đâu còn quyền lựa chọn đâu em \nEm muốn xa anh như lá xa lìa cành \nNgười ta thường nói ngày mưa rơi \nLà ngày buồn nhất \nNgày ta đã đánh mất tất cả \nTrong tình yêu \nTừ người thương hóa người dưng \nDần khoảng cách không có điểm dừng \nGiờ anh mệt mỏi \nVới tình cảm em dành cho anh \nTựa như những chiếc lá cuối thu \nTrên cành cây xanh \nAnh đâu còn quyền lựa chọn đâu em \nEm muốn xa anh như lá xa lìa cành \nAnh đâu còn quyền lựa chọn đâu em \nEm muốn xa anh như lá xa lìa cành',0,0,'/resources/audio/Lá Xa Lìa Cành.mp3'),(66,'Quay Lưng Về Nhau','Từ hôm ấy không ai còn nhớ đến \nNhững ngày ta còn đắm say \nTừ hôm ấy ta quay lưng về nhau \nKhông hỏi thăm nhau \nCũng không lời chào nhau \nTừ hôm ấy ta bắt đầu ngừng yêu thương \nNgừng quan tâm động viên \nNhư những ngày thường \nTừ hôm ấy ta trở thành người dưng \nKhông còn ai nhắc đến hai chữ đã từng \nPhải quên đi những giấc mơ \nPhải quên đi những nơi từng hẹn hò \nPhải quên đi những tiếng cười \nQuên một người mà đã từng rất yêu \nTình yêu đâu có lỗi gì \nLỗi là khi hai ta...chưa vì nhau \nTừ nay ta sẽ bắt đầu \nBước một mình và không buồn nữa đâu \nTừ hôm ấy ta bắt đầu ngừng yêu thương \nNgừng quan tâm động viên \nNhư những ngày thường \nTừ hôm ấy ta trở thành người dưng \nKhông còn ai nhắc đến hai chữ đã từng \nPhải quên đi những giấc mơ \nPhải quên đi những nơi từng hẹn hò \nPhải quên đi những tiếng cười \nQuên một người mà đã từng rất yêu \nTình yêu đâu có lỗi gì \nLỗi là khi hai ta...chưa vì nhau \nTừ nay ta sẽ bắt đầu \nBước một mình và không còn buồn nữa đâu \nPhải quên đi những giấc mơ \nPhải quên đi những nơi từng hẹn hò \nPhải quên đi những tiếng cười \nQuên một người mà đã từng rất yêu \nTình yêu đâu có lỗi gì \nLỗi là khi hai ta...chưa vì nhau \nTừ nay ta sẽ bắt đầu \nBước một mình và không buồn nữa đâu \nBước một mình... \nVà không buồn nữa đâu',0,0,'/resources/audio/Quay Lưng Về Nhau.mp3'),(67,'Thích Thì Đến','Ta còn gì để nói \nChấm dứt là cách tốt thôi \nHai người dưng ngược lối \nSuy nghĩ chi em ơi \nHà cớ chi níu kéo \nKhi cuộc tình ta đã héo khô \nAnh phải lùi lại một bước \nTrả cho em sự tự do \nTrả cho em những lời nói dối \nTrả cho em những vết thương \nEm xếp ngăn nắp vào anh bao ngày \nNgười dưng không cần quan tâm \nYêu đương gì đâu hỏi thăm \nHôm nay anh vấp ngã \nChỉ biết nhìn xa xăm \nNgười ấy là lựa chọn tuyệt vời \nCủa em thì em hãy \nNgước nhìn về bên ấy \nCớ sao lại nhìn về bên này \nCó chắc sự tự do \nEm nói với anh không như ý \nEm xem anh là nơi \nEm thích thì đến không thì đi \nEm có bao giờ nghĩ \nLà anh đớn đau bao năm tháng \nAnh không hề than trách \nHay níu kéo em dù nửa lời \nBởi vì yêu em thôi \nNên anh đành phải ngậm ngùi \nNấp sau những mong muốn \nNhất thời của em vậy thôi \nTrả cho em sự tự do \nTrả cho em những lời nói dối \nTrả cho em những vết thương \nEm xếp ngăn nắp vào anh bao ngày \nNgười dưng không cần quan tâm \nYêu đương gì đâu hỏi thăm \nHôm nay anh vấp ngã \nChỉ biết nhìn xa xăm \nNgười ấy là lựa chọn tuyệt vời \nCủa em thì em hãy \nNgước nhìn về bên ấy \nCớ sao lại nhìn về bên này \nCó chắc sự tự do \nEm nói với anh không như ý \nEm xem anh là nơi \nEm thích thì đến không thì đi \nEm có bao giờ nghĩ \nLà anh đớn đau bao năm tháng \nAnh không hề than trách \nHay níu kéo em dù nửa lời \nBởi vì yêu em thôi \nNên anh đành phải ngậm ngùi \nNấp sau những mong muốn \nNhất thời của em vậy thôi \nNgười ấy là lựa chọn tuyệt vời \nCủa em thì em hãy \nNgước nhìn về bên ấy \nCớ sao lại nhìn về bên này \nCó chắc sự tự do \nEm nói với anh không như ý \nEm xem anh là nơi \nEm thích thì đến không thì đi \nEm có bao giờ nghĩ \nLà anh đớn đau bao năm tháng \nAnh không hề than trách \nHay níu kéo em dù nửa lời \nBởi vì yêu em thôi \nNên anh đành phải ngậm ngùi \nNấp sau những mong muốn \nNhất thời của em vậy thôi \nNấp sau những mong muốn \nNhất thời của em vậy thôi',0,0,'/resources/audio/Thích Thì Đến.mp3'),(68,'Tình Yêu Chân Thật','Mỗi lần cãi vã \nLà những ngày buồn bã \nSống được bao lâu \nMà cứ gieo cho nhau u sầu \nYêu hết mình đi \nĐể về sau không tiếc nuối chi \nHãy nghĩ cho nhau \nThì chẳng ai phải khổ đau \nCó lẽ hôm nay \nMình nên phải đổi thay \nCó lẽ hôm nay \nHai ta sẽ không như vậy \nCuộc sống là thế đấy \nĐừng để nỗi đau lấp đầy \nHãy dành cho nhau \nNhững giây phút ngọt ngào \nTình yêu là những \nYêu thương chân thật \nLà những hạnh phúc đơn sơ vô tận \nLà những ngày tháng bên nhau ân cần \nMặc cho thời gian trôi qua vội vã \nDù có nhiều lúc phong ba bão giông \nThì ta vẫn sẽ bên nhau đúng không \nChỉ cần ta mãi luôn luôn hy vọng \nTình yêu xứng đáng trân trọng \nCó lẽ hôm nay \nMình nên phải đổi thay \nCó lẽ hôm nay \nHai ta sẽ không như vậy \nCuộc sống là thế đấy \nĐừng để nỗi đau lấp đầy \nHãy dành cho nhau \nNhững giây phút ngọt ngào \nTình yêu là những \nYêu thương chân thật \nLà những hạnh phúc đơn sơ vô tận \nLà những ngày tháng bên nhau ân cần \nMặc cho thời gian trôi qua vội vã \nDù có nhiều lúc phong ba bão giông \nThì ta vẫn sẽ bên nhau đúng không \nChỉ cần ta mãi luôn luôn hy vọng \nTình yêu xứng đáng trân trọng \nTình yêu là những \nYêu thương chân thật \nLà những hạnh phúc đơn sơ vô tận \nLà những ngày tháng bên nhau ân cần \nMặc cho thời gian trôi qua vội vã \nDù có nhiều lúc phong ba bão giông \nThì ta vẫn sẽ bên nhau đúng không \nChỉ cần ta mãi luôn luôn hy vọng \nTình yêu xứng đáng trân trọng \nChỉ cần ta mãi luôn luôn hy vọng \nTình yêu xứng đáng trân trọng',0,0,'/resources/audio/Tình Yêu Chân Thật.mp3'),(69,'Đừng Yêu Nữa, Em Mệt Rồi','Đã bao giờ anh nghe \nCó vài điều khi yêu \nMột là không nói dối \nHai là không nói dối nhiều lần \nCớ sao toàn thấy nước mắt \nCớ sao toàn những vết cắt \nCó lẽ nào đến lúc \nKhi hai ta đã hết yêu \nCứ đi rồi sẽ đến \nCứ im lặng sẽ qua \nMột người như thế đấy \nYêu là yêu đến hết đời này \nEm không là thế giới ấy \nEm thật là nhỏ bé thôi \nTại sao em cứ ấp úng mãi \nKhông bao giờ nói ra \nCó lẽ em yêu anh nhiều quá \nNên là em chẳng dám buông ra \nCó lẽ anh thấy em mạnh mẽ \nNên là anh chẳng muốn vỗ về \nYêu anh bằng trọn con tim ấy \nĐớn đau nhiều lắm anh biết không? \nCứ cho đi rồi nhận ra \nTim em vỡ đôi thêm đau \nCó lẽ không nên yêu nhiều thế \nBởi tình yêu sẽ nói em nghe \nVới trái tim ưu tư vụn vỡ \nNên làm quen với những bơ vơ \nCó khi chỉ vì anh không xứng đáng \nVới ba chữ YÊU nữa rồi \nThế thôi em xin dừng lại \nĐừng yêu nữa nhé anh ơi \nEm mệt \nCứ đi rồi sẽ đến \nCứ im lặng sẽ qua \nMột người như thế đấy \nYêu là yêu đến hết đời này \nEm không là thế giới ấy \nEm thật là nhỏ bé thôi \nTại sao em cứ ấp úng mãi \nKhông bao giờ nói ra \nCó lẽ em yêu anh nhiều quá \nNên là em chẳng dám buông ra \nCó lẽ anh thấy em mạnh mẽ \nNên là anh chẳng muốn vỗ về \nYêu anh bằng trọn con tim ấy \nĐớn đau nhiều lắm anh biết không? \nCứ cho đi rồi nhận ra \nTim em vỡ đôi thêm đau \nCó lẽ không nên yêu nhiều thế \nBởi tình yêu sẽ nói em nghe \nVới trái tim ưu tư vụn vỡ \nNên làm quen với những bơ vơ \nCó khi chỉ vì anh không xứng đáng \nVới ba chữ YÊU nữa rồi \nThế thôi em xin dừng lại \nĐừng yêu nữa nhé anh ơi \nEm mệt \nĐôi khi em nghĩ \nThật lòng em muốn cám ơn anh \nVì đã bên em ngày qua \nDừng lại thôi \nChỉ mong tìm lại một chút bình yên \nCó lẽ không nên yêu nhiều thế \nBởi tình yêu sẽ nói em nghe \nVới trái tim ưu tư vụn vỡ \nNên làm quen với những bơ vơ \nCó khi chỉ vì anh không xứng đáng \nVới ba chữ YÊU nữa rồi \nThế thôi em xin dừng lại \nĐừng yêu nữa nhé anh ơi \nEm mệt',0,0,'/resources/audio/Đừng Yêu Nữa, Em Mệt Rồi.mp3'),(70,'Em Muốn Ăn Gì','Đi với em anh chẳng ngại đường xa \nDù là đêm tối hay chiều tà \nEm chỉ cần nói ra \nVà đôi ba phút là anh sẽ qua \nChẳng nề hà chi hết \nBiết em yêu ánh mặt trời \nNên anh giấu đi từng ngày mưa rơi \nEm à ngờ là chẳng có chi \nAnh không hiểu được em \nThế nhưng đời không là mơ \nHóa ra anh vẫn ngây thơ \nHóa ra luôn con điều về em \nLàm anh sững sờ \nAnh sẽ lại nghĩ suy \nThật lâu vì câu hỏi cũ hôm nay \nEm thích ăn gì? \nEm ăn gì cũng được, em ăn gì cũng được \nChỉ cần đi cùng anh \nThì em ăn gì cũng được \nNói đi em xin đừng lan man \nChỉ cần nói ra anh sẽ cùng em \nĂn khắp thế gian \nCơm thì hơi chán, bún thì cũng ngán \nSushi vừa mới ăn hôm qua \nNem chua thì quán quen hơi xa \nLẩu Thái thì hơi cay, không tốt cho da \nĐồ Trung dầu mỡ thì thôi mập quá \nBiết ăn gì, vậy thì em muốn ăn gì? \nEm chẳng quá cầu kì \nAnh suy nghĩ thử đi \nMột chút việc quá là dễ thế thôi \nNhanh lên em đói lắm rồi \nEi vẫn là câu hỏi khó khăn thường ngày \nBabe em muốn đi ăn gì đây \nTrời thì nóng mà lại chẳng có mây \nEm muốn ở nhà hay ra ngoài ăn vậy \nEm muốn ăn bún chả đậm đà \nHay là bún cá hay là bánh đa \nMột tô bánh canh cua có đủ hấp dẫn \nHay là em thích phở gà \nĐi đâu anh chở mà, chẳng sợ đường xa \nĐồ ăn đầy ra, trải dài khắp phố xá \nHay là rủ thêm mấy cô bạn bánh bèo \nĐi ăn bánh xèo hay lẩu cá kèo \nMấy phút là hết veo \nMuộn phiền theo cơn đói mà chết theo \nMuốn trở về tuổi thơ thì ăn kẹo kéo \nCứ ăn thôi chẳng sợ béo \nVì em thế nào thì anh cũng yêu \nHay một ly trà sữa cho tâm hồn nhá \nNếu làm việc mệt mỏi \nThì đã có ngay một ly cà phê sữa đá \nEm chỉ cần nói ra món mà em thích \nChẳng cần phải đắn đo \nNếu mà bận quá anh không tới được \nThì để anh gọi ship cho \nEm ăn gì cũng được, em ăn gì cũng được \nChỉ cần đi cùng anh \nThì em ăn gì cũng được \nNói đi em xin đừng lan man \nChỉ cần nói ra anh sẽ cùng em \nĂn khắp thế gian \nCơm thì hơi chán, bún thì cũng ngán \nSushi vừa mới ăn hôm qua \nNem chua thì quán quen hơi xa \nLẩu Thái thì hơi cay, không tốt cho da \nĐồ Trung dầu mỡ thì thôi mập quá \nBiết ăn gì, vậy thì em muốn ăn gì? \nVà em chẳng quá cầu kì \nAnh suy nghĩ thử đi \nMột chút việc quá là dễ thế thôi \nNhanh lên em đói lắm rồi \nThôi thì bây giờ ăn gì cũng được \nNhưng đừng bỏ bữa là được nhé!',0,0,'/resources/audio/Em Muốn Ăn Gì.mp3'),(71,'Ghen Cô Vy','Dạo gần đây, có một virus rất hot \nTên của em ấy Corona \nBao ngày qua em tạo ra bao sóng gió \nĐang bình yên bỗng chợt thoát ra \nChắc chắn ta nên nâng cao cảnh giác \nĐừng để em ấy phát tán \nChắc chắn ta nên quyết tâm tự giác \nĐể dịch bệnh không bùng cháy lên \nCùng rửa tay xoa xoa xoa xoa đều \nĐừng nên cho tay lên mắt mũi miệng \nVà hạn chế đi ra nơi đông người \nĐẩy lùi virus Corona Corona \nLuôn nâng cao sức khỏe \nVà vệ sinh không gian xung quanh mình \nCùng nâng cao ý thức của xã hội \nĐẩy lùi virus Corona Corona \nCorona Corona \nCorona Corona \nTuy nhỏ bé, nhưng mà em rất tàn ác \nBao người phải chết vì chính em \nTuy rằng khó \nNhưng toàn dân đang cố gắng \nKhông để em tiếp tục lớn thêm \nChắc chắn ta nên nâng cao cảnh giác \nĐừng để em ấy phát tán \nChắc chắn ta nên quyết tâm tự giác \nĐể dịch bệnh không bùng cháy lên \nCùng rửa tay xoa xoa xoa xoa đều \nĐừng nên cho tay lên mắt mũi miệng \nVà hạn chế đi ra nơi đông người \nĐẩy lùi virus Corona Corona \nLuôn nâng cao sức khỏe \nVà vệ sinh không gian xung quanh mình \nCùng nâng cao ý thức của xã hội \nĐẩy lùi virus Corona Corona \nCorona Corona \nCorona Corona \nTừng y bác sĩ luôn luôn hết lòng \nTừng người công nhân hay dân văn phòng \nNgười dân nơi đâu cũng luôn sẵn lòng \nViệt Nam ta quyết thắng bệnh dịch \nThắng bệnh dịch \nHôm nay ta sẵn sàng \nThì ngày mai ta luôn luôn vững vàng \nDù gian nan nhưng con tim không màng \nViệt Nam ta quyết thắng bệnh dịch \nThắng bệnh dịch',0,0,'/resources/audio/Ghen Cô Vy.mp3'),(72,'Hòa Nhịp Giáng Sinh','Cùng bên nhau đón Giáng sinh \nTrao tặng nhau những chân tình \nĐể thêm ấm áp giữa đêm mùa đông \nTừ trên cao tuyết đã rơi \nNhững thiên thần bay khắp trời \nNào ta cùng hòa nhịp Giáng sinh \nDòng thời gian trôi \nSau bao ngày tháng mãi mong đợi \nMột mùa Noel cũng đã tới \nNgoài đường tuyết rơi \nBao nhiêu người háo hức nói cười \nTrẻ con ríu rít hát vang trời \nThật là vui thật là vui \nThật là vui như thế \nThật tuyệt vời như thế \nBao trái tim hòa nhịp say mê \nVà tôi mơ và tôi mơ \nCho ngày mai thế giới \nTừ mọi miền xa xôi \nTa đến với nhau không cách rời \nCùng bên nhau đón Giáng sinh \nTrao tặng nhau những chân tình \nĐể thêm ấm áp giữa đêm mùa đông \nTừ trên cao tuyết đã rơi \nNhững thiên thần bay khắp trời \nNào ta cùng hòa nhịp Giáng sinh \nLung linh lung linh \nGiáng sinh đã đến rồi \nLung linh lung linh \nGiáng sinh bạn ơi \nLung linh lung linh \nGiáng sinh đã đến rồi \nLung linh lung linh \nGiáng sinh bạn ơi \nNhìn kìa xung quanh \nTa như lạc chân bước trong tranh \nNgập tràn những món quà lấp lánh \nDòng người trôi nhanh \nNhững sắc màu xen lẫn âm thanh \nHòa trong đêm Giáng sinh an lành \nThật là vui thật là vui \nThật là vui như thế \nThật tuyệt vời như thế \nBao trái tim hòa nhịp say mê \nVà tôi mơ và tôi mơ \nCho ngày mai thế giới \nTừ mọi miền xa xôi \nTa đến với nhau không cách rời \nCùng bên nhau đón Giáng sinh \nTrao tặng nhau những chân tình \nĐể thêm ấm áp giữa đêm mùa đông \nTừ trên cao tuyết đã rơi \nNhững thiên thần bay khắp trời \nNào ta cùng hòa nhịp Giáng sinh \nLung linh lung linh \nGiáng sinh đã đến rồi \nLung linh lung linh \nGiáng sinh bạn ơi \nLung linh lung linh \nGiáng sinh đã đến rồi \nLung linh lung linh \nGiáng sinh bạn ơi \nMerry Merry Christmas \nMerry Merry Christmas \nMerry Merry Christmas \nGiáng sinh an lành \nMerry Merry Christmas \nMerry Merry Christmas \nMerry Merry Christmas \nCùng bên nhau đón Giáng sinh \nTrao tặng nhau những chân tình \nĐể thêm ấm áp giữa đêm mùa đông \nTừ trên cao tuyết đã rơi \nNhững thiên thần bay khắp trời \nNào ta cùng hòa nhịp Giáng sinh \nLung linh lung linh \nGiáng sinh đã đến rồi \nLung linh lung linh \nGiáng sinh bạn ơi \nLung linh lung linh \nGiáng sinh đã đến rồi \nLung linh lung linh \nGiáng sinh bạn ơi',0,0,'/resources/audio/Hòa Nhịp Giáng Sinh.mp3'),(73,'Vì Yêu Cứ Đâm Đầu','Qua nỗi sầu đêm nay \nTrăng gối đầu lên mây \nThêm chút rượu và men \nCuốn muộn phiền đi \nĐể tình thêm say \nĐôi mắt buồn sâu cay \nChan chứa tình lâu nay \nOh boy \nKhông biết ở nơi đâu \nKhông biết được bao lâu \nChỉ muốn cùng anh \nĐi đến tận cùng \nNơi đất trời thâm sâu \nOoh ooh ooh \nVì yêu cứ đâm đầu \nCứ đâm đầu \nNgay lúc nhìn, ngay lúc nhìn \nNgay lúc nhìn, ngay lúc nhìn anh đôi phút \nTim đã vội, tim đã vội, tim đã vội \nTim đã vội hơn đôi chút \nSorry em chẳng biết làm sao \nĐể thì giờ trôi phí là bao \nOh uh oh, oh oh \nEm muốn được trói chặt \nTrong vòng tay của anh \nEm muốn được nghe \nTừng hơi thở đang bủa quanh \nXin hãy đừng, hãy đừng \nHãy đừng, hãy đừng để em đợi \nChạm lên bờ môi của em đỏ âu \nTrò chuyện thật nhiều để cho rõ nhau \nChúng ta hoang dại như là cỏ lau \nBỏ tiền bỏ bạc chứ không bỏ nhau \nAnh sẽ nói cho em nghe \nNhững điều mà anh ấp ủ \nAnh hy vọng lời ca này \nVỗ về em trong giấc ngủ \nAnh cũng muốn em biết \nAnh vốn không phải là thiếu gia \nNhững ngày em về trong đời \nAnh nhất định trải chiếu hoa \nQua nỗi sầu đêm nay \nTrăng gối đầu lên mây \nThêm chút rượu và men \nCuốn muộn phiền đi \nĐể tình thêm say \nĐôi mắt buồn sâu cay \nChan chứa tình lâu nay \nOh boy \nKhông biết ở nơi đâu \nKhông biết được bao lâu \nChỉ muốn cùng anh \nĐi đến tận cùng \nNơi đất trời thâm sâu \nOoh ooh ooh \nVì yêu cứ đâm đầu \nCứ đâm đầu \nOh cứ lãng đãng trôi \nNhư làn mây trắng \nChẳng cần lo nghĩ nhiều \nChỉ cần em biết điều \nVà khi trăng lên cao \nEm sẽ là ngọn gió cuốn anh feel \nCầm chặt tay và nâng ly cùng em nhé \nCho đêm này thêm hé \nChơi vơi trong vòng tay anh \nHãy đặt tên em là em bé \nOh oh, vì đường về còn xa lắm \nEm ơi thấy không mưa còn rơi \nQua đêm nay rồi anh sẽ đưa em về \nAnh ơi, em hơi \nSay say, ai sẽ đưa em về? \nỐi giời \nEm ơi, không may, đêm nay \nChưa muốn đưa em về \nDon’t be lonely tonight \nBaby I’m so high on \nQua nỗi sầu đêm nay \nTrăng gối đầu lên mây \nThêm chút rượu và men \nCuốn muộn phiền đi \nĐể tình thêm say \nĐôi mắt buồn sâu cay \nChan chứa tình lâu nay \nOh boy \nKhông biết ở nơi đâu \nKhông biết được bao lâu \nChỉ muốn cùng anh \nĐi đến tận cùng \nNơi đất trời thâm sâu \nOoh ooh ooh \nVì yêu cứ đâm đầu \nCứ đâm đầu',0,0,'/resources/audio/Vì Yêu Cứ Đâm Đầu.mp3'),(74,'Chờ Định Mệnh Mỉm Cười','Anh vẫn chờ vì anh vẫn còn cơ hội để nói lên lời yêu thương em Anh vẫn chờ dù em hững hờ kề bên chẳng cho anh nụ cười Anh vẫn chờ dù bao tháng ngày em chỉ xem anh như bạn Anh vẫn chờ dù anh biết rằng em vẫn chưa quên người ta.. Có lẽ cần thời gian để người quên đi được những nỗi đau Có lẽ cần thời gian để người sẽ thôi khóc khi ai kia ngoảnh mặt đi Bước bên đời chờ em mỉm cười anh sẽ luôn đi bên cạnh Nếu một ngày cần nơi yên bình thì em hãy quay về bên anh.. Anh không hứa rằng anh sẽ yêu hơn người ta yêu em lúc đầu Anh không hứa rằng anh sẽ mang được cho em nụ cười hạnh phúc Nhưng anh hứa sẽ luôn kề bên che chở em suốt cuộc đời này Anh sẽ giữ mãi từng khoảnh khắc bởi anh yêu chỉ mình em thôi!',0,0,'/resources/audio/Chờ Định Mệnh Mỉm Cười.mp3'),(75,'Ngôi Nhà Hoa Hồng','Em mơ ngày xưa đôi ta \nVẫn hay ngồi \nTrên vườn hoa thơm ngát \nVuốt tay nhẹ dịu dàng mềm \nTóc em thật êm \nNói với em đây là dòng suối mơ \nEm không quên ngày xưa đôi ta \nBước chung đường \nHai hàng cây xanh lá \nCánh hoa hồng anh cài lên \nTóc em thẹn thùng \nRồi anh ôm em vòng tay ngất ngây \nVà tim em êm ái \nMỗi khi nhìn thấy anh \nEm nghe trong lòng ấm êm \nNhững hạnh phúc bình yên \nĐêm ngày em ước ao \nVới muôn ánh sao ngàn \nMong tình yêu đôi ta \nKhông phôi pha ngày sau \nVậy mà anh đi mãi \nChẳng quay về với em \nChẳng biết em cần có anh \nBên em lúc buồn vui \nNhững kỉ niệm dấu yêu \nNgỡ như đã ngủ vùi \nNhưng vì sao đôi khi \nEm thấy cay khóe môi mềm \nBao năm về lại nơi đây \nVẫn êm đềm như ngày xưa năm ấy \nVẫn trong lành như tình yêu \nCủa em, và anh \nVẫn ngôi nhà \nHoa hồng luôn ngát hương \nAnh không quên vườn hoa năm xưa \nCó một người luôn cười khi anh đến \nCó một người luôn kề bên \nMỗi khi anh buồn \nVà yêu anh một tình yêu thủy chung \nLàm sao anh quên hết \nNhững tháng ngày đã qua \nBóng dáng em hiền thiết tha \nNhư một sớm hồng hoa \nCho dù ta cách xa \nCũng không thể phai nhòa \nCâu tình yêu khi xưa \nAnh in sâu thật sâu \nNghìn trùng mây xa cách \nCó ai còn nhớ nhau \nChẳng biết ai còn nhớ anh \nNhư anh nhớ ngày đêm \nAnh thầm mong thấy em \nCho dù chỉ một lần \nMong rằng em không quên anh \nVới câu hứa hôm nào \nLàm sao anh quên hết \nNhững tháng ngày đã qua \nBóng dáng em hiền thướt tha \nGiữa một sớm hồng hoa \nNhững kỷ niệm dấu yêu \nNgỡ như đã ngủ vùi \nNhưng vì sao bên anh \nCon tim em bật khóc \nĐừng buồn nghe em hỡi \nNước mắt đừng mãi rơi \nAnh đã quay về với em \nNhư anh hứa ngày xưa \nSau này anh với em \nSẽ không phải xa rời \nVì tình yêu anh trao em \nKhắc sâu đến muôn đời \nSau này anh với em \nSẽ không phải xa rời \nVì tình yêu ta trao nhau \nKhắc sâu đến muôn đời',0,0,'/resources/audio/Ngôi Nhà Hoa Hồng.mp3'),(76,'Nỗi Nhớ Đóng Băng','Gió đông qua trước hiên nhà \nXào xạc lá rơi đầy khắp sân \nNgỡ bước chân em thật gần \nChợt nhận ra chỉ là giấc mơ \nGiấc mơ buồn cánh thư buồn \nGửi cho em những lời nhớ thương \nTuyết ơi xin đừng mãi rơi \nNỗi buồn ta chưa vơi \nNhìn cơn mưa mùa đông \nRớt trên dòng sông \nSông lạnh căm giống như lòng anh \nAnh ngồi đây đếm ngày tháng qua \nChờ em nơi cuối chân trời xa \nVà nỗi nhớ của anh \nĐã đông thành băng \nNhưng lòng em có hay được chăng \nEm chờ anh đã nhiều nắng mưa \nMà sao anh vẫn chưa trở về \nGió đông qua trước hiên nhà \nXào xạc lá rơi đầy khắp sân \nNgỡ bước chân em thật gần \nChợt nhận ra chỉ là giấc mơ \nGiấc mơ buồn cánh thư buồn \nGửi cho em những lời nhớ thương \nTuyết ơi xin đừng mãi rơi \nNỗi buồn ta chưa vơi \nNhìn cơn mưa mùa đông \nRớt trên dòng sông \nSông lạnh căm giống như lòng anh \nAnh ngồi đây đếm ngày tháng qua \nChờ em nơi cuối chân trời xa \nVà nỗi nhớ của anh \nĐã đông thành băng \nNhưng lòng em có hay được chăng \nAnh chờ em đã nhiều nắng mưa \nMà sao em vẫn chưa trở về \nVà cơn mưa mùa đông \nRớt trên dòng sông \nSông lạnh căm giống như lòng anh \nAnh ngồi đây đếm ngày tháng qua \nChờ em nơi cuối chân trời xa \nVà nỗi nhớ của anh \nĐã đông thành băng \nNhưng lòng em có hay được chăng \nAnh chờ em đã nhiều nắng mưa \nMà sao em vẫn chưa trở về \nAnh chờ em đã nhiều nắng mưa \nMà sao em vẫn chưa trở về',0,0,'/resources/audio/Nỗi Nhớ Đóng Băng.mp3'),(77,'Vầng Trăng Khóc','Đã không còn người yêu hỡi \nNgày xưa ấy \nĐôi ta bên nhau không rời \nNgồi trên cát nhìn biển đêm \nHát vu vơ mấy câu tình ca \nTrái tim buồn vì thương nhớ \nVì đau xót sao đôi ta mau chia lìa \nĐời giông bão nhiều đắng cay \nCuốn trôi mau biết đâu tình nồng \nThì thôi em đừng mong nhớ \nĐừng thương tiếc chi thêm đau lòng \nTình chúng ta đã phôi pha \nEm và anh mỗi người một nơi \nNgồi nơi đây mình đơn côi \nVầng trăng khóc sao rơi sông dài \nTiếc cho tôi, tiếc cho người \nVà cho bao yêu thương đã trao \nGió đông buồn \nKhóc chi người vì anh biết \nNào ai muốn \nMai sau chia ly đôi đường \nTình yêu đến chợt bỏ đi \nMấy ai vui với nhau muôn đời \nChắc khi nào tìm duyên mới \nThì anh sẽ \nMau quên đi bao ân tình \nVà em chúc người mới quen \nSẽ bên anh yêu anh thật lòng \nThì thôi em đừng mong nhớ \nĐừng thương tiếc chi thêm đau lòng \nTình chúng ta đã phôi pha \nEm và anh mỗi người một nơi \nNgày mai sau dù gặp nhau \nThì xin hãy cho nhau một lời \nĐể không quên những êm đềm \nMà tình yêu khi xưa đã trao \nÔi vần trăng khóc \nCho duyên tình lìa xa \nThì thôi em đừng mong nhớ \nĐừng thương tiếc chi thêm đau lòng \nTình chúng ta đã phôi pha \nEm và anh mỗi người một nơi \nNgồi nơi đây mình đơn côi \nVầng trăng khóc sao rơi sông dài \nĐể không quên những êm đềm \nMà tình yêu khi xưa đã trao \nGiấc mơ đầu',0,0,'/resources/audio/Vầng Trăng Khóc.mp3'),(78,'Xe Đạp','Bài hát: Xe Đạp \nCa sĩ: Minh Vương M4U, Hương Ly, ACV \nDường như nắng đã làm \nMá em thêm hồng \nLàn mây bay đã yêu \nTóc em \nTrộm nhìn anh khẽ cười \nKhiến em thẹn thùng \nÁo trắng em bây giờ \nTan trường \nĐạp xe nơi sân trường \nTóc em buông dài \nLặng thinh anh ngóng trông \nĐã lâu \nNgười ngẩn ngơ đứng nhìn \nĐánh rơi nụ cười \nRồi em xao xuyến \nChợt nghe vu vơ \nGần lại bên anh \nEm nghe tim em ấm áp \nLà lần em nghe tim em \nVu vơ xuyến xao \nĐợi anh góc \nPhố quen mình em \nChỉ mình em và nỗi nhớ mong \nDù có nhau \nĐạp xe trên phố \nTan trường \nThấp thoáng thấy bóng em ngoan hiền \nTim anh lặng giữa \nPhố đông người \nNgập ngừng trên môi \nKhông nói ra \nNgày nào nụ cười em bé thơ \nBên em bạn bè cùng tới lớp \nGiờ chờ em đã lớn xinh \nMột lần bên em hỡi \nNắng gió sân trường vui đùa \nNgồi tựa vai nhau \nAnh đưa em qua bao con phố \nVà anh nói thật dịu dàng \nRằng đã yêu \nRất lâu rồi \nNụ cười em \nCho anh ngàn mơ ước \nTừng chiều em trông ngóng \nVẫn đó nơi hàng cây già \nĐợi nhau vu vơ \nAnh mang tên em trong giấc mơ \nRồi mùa thi chợt đến \nBồi hồi nhìn phượng rơi \nĐể chờ một chút mưa \nCho đôi mình \nĐược đứng \nBên nhau \nThật lâu \nGiờ trên từng bước \nChân cuộc đời \nAnh đã có \nMột người để ngóng trông \nEm đã nhìn thấy anh trong đời \nNhìn thấy anh \nVà sẽ bên người mãi mãi \nĐạp xe nơi sân trường \nTóc em \nBuông dài \nLặng thinh anh ngóng trông \nĐã lâu \nNgười ngẩn ngơ đứng nhìn \nĐánh rơi nụ cười \nRồi em xao xuyến \nChợt nghe vu vơ \nTừng chiều em trông ngóng \nVẫn đó nơi hàng cây già \nĐợi nhau vu vơ \nAnh mang tên em trong giấc mơ \nRồi mùa thi chợt đến \nBồi hồi nhìn phượng rơi \nĐể chờ một chút mưa \nCho đôi mình \nĐược đứng \nBên nhau \nThật lâu',0,0,'/resources/audio/Xe Đạp.mp3'),(79,'Cô Đơn Không Muốn Về Nhà','Hôm nay thật khác \nTinh mơ tôi thức dậy thật sớm \nCuộn mền và gối \nVươn vai để lấy hơi thật sâu \nGiờ đi đâu cũng thấy đông người \nĐến lúc chỉ mong sống xa thành phố \nTìm về nơi hoang sơ yên bình \nQuên đi tôi đã sống thế nào \nChơi vơi đứng giữa cuộc đời \nCô đơn không muốn về nhà \nChờ mong ai nắm tay tôi sẻ chia và \nĐộng lòng khi tôi khóc \nGió mát xua tan lo âu \nNon xanh che hết muộn sầu \nLà nơi tôi muốn dừng lại \nNơi tồn tại thật lòng và cảm thông \nI am lonely wherever I go \nWhat should I do? \nWhy why? I am lonely wherever I go? \nĐời người không những ngắn ngủi \nVà chóng tàn \nChỉ còn mình với chiếc bóng \nCủa chính mình \nMuốn hét lên những ngại ngần \nRồi biết chẳng có ai nghe \nLòng càng thêm chông chênh \nI\'m fine! Don\'t worry! \nThật ra là cô đơn \nI am not okay \nLâu ngày tâm hồn trở nên trống rỗng \nChẳng tìm ra chân tình \nKhiến người ta chỉ còn \nMột thế giới hời hợt vô tâm \nChơi vơi đứng giữa cuộc đời \nCô đơn không muốn về nhà \nChờ mong ai nắm tay tôi sẻ chia và \nĐộng lòng khi tôi khóc \nGió mát xua tan lo âu \nNon xanh che hết muộn sầu \nLà nơi tôi muốn dừng lại \nNơi tồn tại thật lòng và cảm thông \nSẽ có những lúc nặng lòng \nNhư băng qua suối ngược dòng \nĐừng buông xuôi giữa đêm đông \nChút nữa thôi là mặt trời rực rỡ \nCố gắng nuôi hy vọng rằng \nCô đơn đâu phải cả đời! \nThời gian dẫu muốn trêu tôi \nBắt tôi đợi duyên trời, đợi rất lâu! \nKhông sao tôi vẫn tự mình yên bình',0,0,'/resources/audio/Cô Đơn Không Muốn Về Nhà.mp3'),(80,'Đừng Lo Anh Đợi Mà','Tạm biệt em đã lâu \nSắp về đến nhà \nMà trong anh còn nguyên bao sâu lắng \nNhà anh không thật xa \nMới đây mà anh đã thấy \nTrống vắng tương tư bởi vì em là \nEm là Thiên Thần May Mắn \nEm là Sao Trời rọi sáng \nCó em anh nào đâu dám mơ \nDẫu cho với tình yêu trước \nVết thương của em vẫn còn \nĐừng lo anh đợi mà \nEm ơi bao lâu mới đến ngày mai \nĐêm nay tại sao lại trôi quá dài \nĐường về một mình chẳng còn êm ái \nNhư đường mình đi mới đây \nChạm vào đôi môi mềm mại ấy \nCảm xúc lâng lâng ngất ngây \nTình yêu như muôn ngàn \nHương hoa đang lan tỏa trong tim anh \nĐôi chân anh muốn quay bước gặp em \nAnh không muốn lỡ đi giây phút nào \nDù chẳng còn đặc biệt với ai đó \nEm nhạt nhòa giữa đám đông \nNhưng với anh là tinh tú \nDẫn lối anh trong sương mù \nEm giống như nguồn cảm hứng \nĐể anh tạo ra tất cả dành cho em \nI wanna leave it all behind \nAnd be with you \nI wanna leave it all behind \nAnd be with you \nEm là Thiên Thần May Mắn \nEm là Sao Trời rọi sáng \nCó em anh nào đâu dám mơ \nDẫu cho với tình yêu trước \nVết thương của em vẫn còn \nĐừng lo anh đợi mà \nEm ơi bao lâu mới đến ngày mai \nĐêm nay tại sao lại trôi quá dài \nĐường về một mình chẳng còn êm ái \nNhư đường mình đi mới đây \nChạm vào đôi môi mềm mại ấy \nCảm xúc lâng lâng ngất ngây \nTình yêu như muôn ngàn \nHương hoa đang lan tỏa trong tim anh \nĐôi chân anh muốn quay bước gặp em \nAnh không muốn lỡ đi giây phút nào \nDù chẳng còn đặc biệt với ai đó \nEm nhạt nhòa giữa đám đông \nNhưng với anh là tinh tú \nDẫn lối anh trong sương mù \nEm giống như nguồn cảm hứng \nĐể anh tạo ra tất cả \nEm ơi bao lâu mới đến ngày mai \nĐêm nay tại sao lại trôi quá dài \nĐường về một mình chẳng còn êm ái \nNhư đường mình đi mới đây \nChạm vào đôi môi mềm mại ấy \nCảm xúc lâng lâng ngất ngây \nTình yêu như muôn ngàn \nHương hoa đang lan tỏa trong tim anh \nĐôi chân anh muốn quay bước gặp em \nAnh không muốn lỡ đi giây phút nào \nDù chẳng còn đặc biệt với ai đó \nEm nhạt nhòa giữa đám đông \nNhưng với anh là tinh tú \nDẫn lối anh trong sương mù \nEm giống như nguồn cảm hứng \nĐể anh tạo ra tất cả dành cho em',0,0,'/resources/audio/Đừng Lo Anh Đợi Mà.mp3'),(81,'Khóc Cùng Em','Cuộc gọi đến, và như mọi khi \nLà lặng nghe em khóc \nI try so very hard to listen your story \nBut you don’t know it hurts me so bad \nCầu trời chóng ấm \nĐêm đông buốt giá kia sẽ bớt lạnh \nĐôi tay giấu ác mộng doạ dẫm \nHy vọng càng mong manh \nVùi chôn tổn thương \nTội con tim này đơn phương \nChờ đợi một người \nDù biết chẳng có cơ hội \nĐiều gì nhẫn tâm hơn sự im lặng? \nMuộn phiền người trút lên đôi vai này \nRồi ngày mai còn cần anh không? \nMột vòng tròn tối tăm không ra lối \nĐó là những gì mà anh \nPhải kìm nén tất cả đau đớn, tủi thân \nĐể bên em \nLàm gì để ngần ấy vết dao khép lại \nĐể giấu đi bao nỗi đau trĩu nặng \nSợ ngày nào nếu tim vỡ trăm mảnh \nChỉ còn lại vài nhịp mong manh \nChuyện tình về trái tim sắp gục ngã \nBên hai trái tim hạnh phúc \nHoạ thành bức tranh về tình yêu \nTrong đó mờ tên anh \nI don’t know \nI need you so bad \nEm luôn xa con tim này \nVì em không yêu sao có thể hiểu \nMình như đường thẳng song song vậy \nVì chưa từng có làm sao thiếu \nPhải lặng lẽ ở bên \nTàn sức thương một người không lối thoát \nChờ đợi một người \nDù biết chẳng có cơ hội \nĐiều gì nhẫn tâm hơn sự im lặng? \nMuộn phiền người trút lên đôi vai này \nRồi ngày mai còn cần anh không? \nMột vòng tròn tối tăm không ra lối \nĐó là những gì mà anh \nPhải kìm nén tất cả đau đớn, tủi thân \nĐể bên em \nLàm gì để ngần ấy vết dao khép lại \nĐể giấu đi bao nỗi đau trĩu nặng \nSợ ngày nào nếu tim vỡ trăm mảnh \nChỉ còn lại vài nhịp mong manh \nChuyện tình về trái tim sắp gục ngã \nBên hai trái tim hạnh phúc \nHoạ thành bức tranh về tình yêu \nTrong đó mờ tên anh \nMùa đông và nỗi nhớ tựa như tri kỷ \nNghìn năm không rời \nLạnh môi tay khẽ run từng đêm một mình \nVì nhớ bóng hình \nGiờ em nghĩ đến ai \nMà môi không ngừng cười \nPlease don’t do it any more! \nChờ đợi một người \nDù biết chẳng có cơ hội \nĐiều gì nhẫn tâm hơn sự im lặng? \nMuộn phiền người trút lên đôi vai này \nRồi ngày mai còn cần anh không? \nMột vòng tròn tối tăm không ra lối \nĐó là những gì mà anh \nPhải kìm nén tất cả đau đớn, tủi thân \nĐể bên em \nLàm gì để ngần ấy vết dao khép lại \nĐể giấu đi bao nỗi đau trĩu nặng \nSợ ngày nào nếu tim vỡ trăm mảnh \nChỉ còn lại vài nhịp mong manh \nChuyện tình về trái tim sắp gục ngã \nBên hai trái tim hạnh phúc \nHoạ thành bức tranh về tình yêu \nTrong đó mờ tên anh \nCuộc gọi đến, và như mọi khi \nLà lặng nghe em khóc \nI try so very hard to listen your story \nBut you don’t know it hurts me so bad',0,0,'/resources/audio/Khóc Cùng Em.mp3'),(82,'Không Thể Cùng Nhau Suốt Kiếp (Piano Version)','Tình đã qua lâu \nNhưng ta cứ sống trong quá khứ \nChứ có quên được đâu \nChuyện buồn đôi ta đã hết \nSao chẳng thể hết tàn tạ? \nChỉ vì cố quên một người \nMà dằn vặt đến nỗi thâm tâm \nKhông ngừng héo úa \nNgỡ sương sớm chạm mi mắt \nMôi đắng lệ trĩu nặng \nLẳng lặng thương nhớ trong hao gầy \nGiấu đi mối tình gục ngã \nHôm ấy là thứ Ba \nLà ngày ta trở nên xa lạ \nĐiều gì đã khiến anh \nKhông cầm tay em nữa \nCó phải thật sự \nMình không xứng đôi? \nVài người vội vã \nCho em là người may mắn \nẤy thế mà, giờ anh đổi thay \nCòn điều gì ngu ngốc bằng \nLừa dối quá nhiều \nVẫn nghĩ mình yêu đúng người \nCàng nhắm mắt yêu! \nNhững xao xuyến khi chạm tay \nNhững háo hức tim thổn thức \nMôi hôn tìm nhau mỗi tối \nChẳng còn ai thương lấy mình \nNgoài chính bản thân \nCho em một lần cuối cùng \nĐược nói nhớ anh \nCó ai thoát được mình ra \nKhỏi chân lý trong tình yêu \nKhông thể cùng nhau suốt kiếp! \nThế nhưng trái tim lại dễ \nIn sâu niềm đau suốt kiếp \nMột người làm ta rất đau \nChỉ biết một mình chôn bao yêu dấu \nNhưng quên rằng \nCó ai thoát được mình ra \nKhỏi chân lý trong tình yêu \nKhông thể cùng nhau suốt kiếp! \nGhì chặt trong hơi thở này \nLà nỗi nhớ anh! \nDang tay chẳng ai đáp lời \nThuyền đắm giữa khơi \nNơi em đứng mưa tầm tã \nChiếc ô trở nên nhỏ bé \nKhông che được em như anh! \nDưới mưa có người lại khóc \nSao không cùng nhau suốt kiếp \nBuông tay tình yêu xuống vực sâu',0,0,'/resources/audio/Không Thể Cùng Nhau Suốt Kiếp (Piano Version).mp3'),(83,'Buông Đôi Tay Nhau Ra','Cứ quên anh vậy đi \nNhạt nhoà sương tan \nÁi ân mây trôi buồn \nNhững môi hôn chìm sâu \nCòn đâu nụ cười thơ ngây đó \nCứ xa anh vậy đi \nĐường mòn xưa kia \nDẫn lối đôi chân lẻ loi \nAnh lẻ loi \nMưa rơi nhẹ rơi \nMưa đừng mang \nHoàng hôn xua tan bóng em \nChua cay nào hay thương là đau \nMàn đêm chia hai giấc mơ \nGiọt nước mắt vô tâm thờ ơ \nNgàn câu ca sao nghe hững hờ \nEm lặng im anh lặng im \nSương gió bủa vây \nUh uh uh uh uh uh uh \nBuông đôi tay nhau ra \nBuông đôi tay chia xa \nUh uh uh uh uh uh uh \nBuông đôi tay nhau ra \nBuông đôi tay chia xa \nUh uh uh uh uh uh uh \nHờn ghen xin cất trong tim này \nNgày tháng êm ấm vụt mất \nAi đó mang em đi rồi \nGiấu chôn những hoài mong \nỞ phía trước mong em bình yên \nPhía sau những vụn vỡ \nCơn gió quay lưng rồi \nNgoái thương những chờ mong \nCó cơn gió lạnh lùng \nVội vàng thờ ơ xa chốn đây \nCó ai đó ngập ngừng \nThả trôi yêu thương vào hư vô \nMưa rơi nhẹ rơi \nMưa đừng mang \nHoàng hôn xua tan bóng em \nChua cay nào hay \nThương là đau \nMàn đêm chia hai giấc mơ \nGiọt nước mắt vô tâm thờ ơ \nNgàn câu ca sao nghe hững hờ \nEm lặng im anh lặng im \nSương gió bủa vây \nUh uh uh uh uh uh uh \nBuông đôi tay nhau ra \nBuông đôi tay chia xa \nUh uh uh uh uh uh uh \nBuông đôi tay nhau ra \nBuông đôi tay chia xa \nUh uh uh uh uh uh uh \nHờn ghen xin cất trong tim này \nNgày tháng êm ấm vụt mất \nAi đó mang em đi rồi \nGiấu chôn những hoài mong \nỞ phía trước mong em bình yên \nPhía sau những vụn vỡ \nCơn gió quay lưng rồi \nNgoái thương những chờ mong \nUh uh uh uh uh uh uh \nCó lẽ \nUh uh uh uh uh uh uh \nAnh sẽ quên đi tất cả \nUh uh uh uh uh uh uh \nPhía trước đang chờ em \nUh uh uh uh uh uh uh \nChúc em hạnh phúc \nUh uh uh uh uh uh uh \nBuông đôi tay nhau ra \nBuông đôi tay chia xa \nUh uh uh uh uh uh uh \nBuông đôi tay nhau ra \nBuông đôi tay chia xa \nUh uh uh uh uh uh uh \nHờn ghen xin cất trong tim này \nSơn tùng M TP \nBuông đôi tay anh ra \nBuông đôi tay anh ra \nBuông đôi tay anh ra \nBuông đôi tay nhau ra \nBuông đôi tay anh ra \nBuông đôi tay anh ra \nBuông đôi tay anh ra \nBuông đôi tay nhau ra \nỞ phía trước mong em bình yên',0,0,'/resources/audio/Buông Đôi Tay Nhau Ra.mp3'),(84,'Gia Đình Tôi Chọn','Vì anh em \nLà người mà chúng ta luôn \nKề vai bên mỗi khi vui buồn \nGia đình mà tôi đã chọn \nNhững năm tháng dài kia đã chứng minh \nNgười đã qua gian nguy cùng mình \nSẽ ở lại đây ở lại mãi mãi \nTrong trái tim này \nNhìn lại chặng đường dài \nMà mình đã qua bao lần mệt nhoài \nCó tôi một tay có anh một tay \nGiấc mơ này mình cứ đập rồi xây \nChặng đường mười lăm năm \nNhiều lần ngỡ \nNhư chết trong lặng thầm \nNhững giọt mồ hôi của anh và tôi \nNhững ngày gian khó \nVẫn không buông xuôi \nNếu không nhờ cuộc đời thử thách \nAi biết được thế nào là chân thành \nNhững bước chân mình cùng với nhau \nLà những ký ức khắc ghi đậm sâu \nVì anh em \nLà người mà chúng ta luôn \nKề vai bên mỗi khi vui buồn \nGia đình mà tôi đã chọn \nNhững năm tháng dài \nKia đã chứng minh \nNgười đã qua gian nguy cùng mình \nSẽ ở lại đây ở lại mãi mãi \nTrong trái tim này \nNhìn lại chặng đường dài \nMà mình đã qua bao lần mệt nhoài \nCó anh một tay có tôi một tay \nGiấc mơ này mình cứ đập rồi xây \nChặng đường mười lăm năm \nNhiều lần ngỡ \nNhư chết trong lặng thầm \nNhững giọt mồ hôi của anh và tôi \nNhững ngày gian khó \nVẫn không buông xuôi \nTrên đường dài phía trước chúng ta \nCó biết bao khó khăn mà \nNhững mơ mộng hoài bão của cá nhân \nTa sẽ chọn không cần \nVì anh em \nLà người mà chúng ta luôn \nKề vai bên mỗi khi vui buồn \nGia đình mà tôi đã chọn \nNhững năm tháng dài \nKia đã chứng minh \nNgười đã qua gian nguy cùng mình \nSẽ ở lại đây ở lại mãi mãi \nTrong trái tim này \nVì anh em \nLà người mà chúng ta luôn \nKề vai bên mỗi khi vui buồn \nGia đình mà tôi đã chọn \nNhững năm tháng dài \nKia đã chứng minh \nNgười đã qua gian nguy cùng mình \nSẽ ở lại đây ở lại mãi mãi \nTrong trái tim này',0,0,'/resources/audio/Gia Đình Tôi Chọn.mp3'),(85,'Một Năm Mới Bình An','Xuân mang tình yêu muôn nhà \nMang lời ca chan hoà \nYêu thương hạnh phúc xum vầy \nTết năm này nồng ấm đong đầy \nMưa rơi dịu êm \nGió mang hương về \nDập dìu trong cánh chim xa vời \nTừng nhịp giây qua \nCon tim sao bồi hồi \nXuân sang cành lá đâm chồi \nBao buồn vui qua rồi \nĐưa con về với yên bình \nVới gia đình nặng nghĩa ân tình \nCây mai đào khoe \nSắc tô thêm màu \nNhẹ nhàng trong nắng xuân tươi hồng \nVề nhà nhanh thôi \nBa mẹ đang ngóng trông \nĐàn em thơ khoe áo mới \nXuân tới phơi phới \nNhững bao lì xì ngay ngắn \nMay mắn tươi tắn \nBánh chưng thơm lừng \nNgất ngây xuân về \nNgập tràn lộc muôn nơi \nNắng ban mai hé môi cười \nDịu dàng xuân đến \nCó chú chim non \nMừng vui hót sau nhà \nCó tiếng em thơ \nMừng vui bóc bao quà \nCó gió mang xuân \nMừng vui chúc ông bà \nCười mãi thôi \nMột năm mới bình an \nNăm mới bình an \nXuân sang cành lá đâm chồi \nBao buồn vui qua rồi \nĐưa con về với yên bình \nVới gia đình nặng nghĩa ân tình \nCây mai đào khoe \nSắc tô thêm màu \nNhẹ nhàng trong nắng xuân tươi hồng \nVề nhà nhanh thôi \nBa mẹ đang ngóng trông \nĐàn em thơ khoe áo mới \nXuân tới phơi phới \nNhững bao lì xì ngay ngắn \nMay mắn tươi tắn \nBánh chưng thơm lừng \nNgất ngây xuân về \nNgập tràn lộc muôn nơi \nNắng ban mai hé môi cười \nDịu dàng xuân đến \nCó chú chim non \nMừng vui hót sau nhà \nCó tiếng em thơ \nMừng vui bóc bao quà \nCó gió mang xuân \nMừng vui chúc ông bà \nCười mãi thôi \nMột năm mới bình an \nMột năm mới bình an \nNăm mới bình an \nCó chú chim non \nMừng vui hót sau nhà \nCó tiếng em thơ \nMừng vui bóc bao quà \nCó gió mang xuân \nMừng vui chúc ông bà \nCười mãi thôi \nMột năm mới bình an',0,0,'/resources/audio/Một Năm Mới Bình An.mp3'),(86,'Như Ngày Hôm Qua','Cuối con đường \nLà bầu trời xanh ấm êm \nBên tôi mỗi khi buồn \nLặng lẽ xóa tan âu lo \nNgàn giọt nước mắt thăng trầm \nNiềm tin mãi luôn đong đầy \nBài ca hát trọn đêm nay \nDành tặng bạn tôi \nLuôn dõi theo từng \nNụ cười lặng im phía sau \nBên tôi mãi không rời \nMặc nắng gắt hay mưa ngâu \nDù thời gian có xoá phai nhoà \nLạc trôi những ký ức \nBạn tôi vẫn thế \nKhông hề đổi thay trái tim \nVẫy tay xin chào \nNghẹn ngào gặp lại ngày sau \nThương nhớ nhau \nLòng ngập ngừng không muốn rời \nVỗ vai xin bình an ở phía trước \nCho dù nhiều chông gai \nKiên cường lên \nRồi mọi chuyện cũng sẽ vượt qua \nDẫu hai phương trời \nDù nghìn trùng dù xa xôi \nĐôi mắt nhìn \nHướng tới cuối chân trời \nCảm ơn bạn người luôn sát bên \nÂm thầm dõi nhìn theo \nTay nắm chặt gật đầu cười \nTim khắc ghi \nMãi như ngày hôm qua \nLuôn dõi theo từng \nNụ cười lặng im phía sau \nBên tôi mãi không rời \nMặc nắng gắt hay mưa ngâu \nDù thời gian có xoá phai nhoà \nLạc trôi những ký ức \nBạn tôi vẫn thế \nKhông hề đổi thay trái tim \nVẫy tay xin chào \nNghẹn ngào gặp lại ngày sau \nThương nhớ nhau \nLòng ngập ngừng không muốn rời \nVỗ vai xin bình an ở phía trước \nCho dù nhiều chông gai \nKiên cường lên \nRồi mọi chuyện cũng sẽ vượt qua \nDẫu hai phương trời \nDù nghìn trùng dù xa xôi \nĐôi mắt nhìn \nHướng tới cuối chân trời \nCảm ơn bạn người luôn sát bên \nÂm thầm dõi nhìn theo \nTay nắm chặt gật đầu cười \nTim khắc ghi \nVẫy tay xin chào \nNghẹn ngào gặp lại ngày sau \nThương nhớ nhau \nLòng ngập ngừng không muốn rời \nVỗ vai xin bình an ở phía trước \nCho dù nhiều chông gai \nKiên cường lên \nRồi mọi chuyện cũng sẽ vượt qua \nDẫu hai phương trời \nDù nghìn trùng dù xa xôi \nĐôi mắt nhìn \nHướng tới cuối chân trời \nCảm ơn bạn người luôn sát bên \nÂm thầm dõi nhìn theo \nTay nắm chặt gật đầu cười \nTim khắc ghi \nMãi như ngày hôm qua \nNhư ngày hôm qua',0,0,'/resources/audio/Như Ngày Hôm Qua.mp3'),(87,'End Of Time','When things are right \nThen you just know \nThere is something in your eyes \nThat brings me home \n\'Cause when there\'s love \nYou don\'t let go \nSo as long as you\'re with me \nYou\'re not alone, you\'ll never be \nI wanna tell you \nWhat I feel and really mean it \nI wanna shout it \nFrom the rooftops to the sky \n\'Cause if you ever need a friend \nYou know I\'ll be it \nFrom tonight until we see the end of time \nI\'ll cross my heart \nAnd hope to die \nWe\'re always and forever \nI\'ll be by your side \nWhen days are dark \nAnd stars don\'t line \nWe\'re always and forever till the end \nThe end of time \nWhen we look back \nAnd when we\'re old \nWe\'ll see your footprints \nNext to mine along the road \nAnd I don\'t know \nWhat the future holds \nBut as long as you\'re with me \nYou\'re not alone, you\'ll never be \nI wanna tell you \nWhat I feel and really mean it \nI wanna shout it \nFrom the rooftops to the sky \n\'Cause if you ever need a friend \nYou know I\'ll be it \nFrom tonight until we see the end of time \nI\'ll cross my heart \nAnd hope to die \nWe\'re always and forever \nI\'ll be by your side \nWhen days are dark \nAnd stars don\'t line \nWe\'re always and forever till the end \nThe end of time \nI\'ll cross my heart \nAnd hope to die \nWe\'re always and forever \nI\'ll be by your side \nWhen days are dark \nAnd stars don\'t line \nWe\'re always and forever till the end \nThe end of time \nThe end of time',0,0,'/resources/audio/End Of Time.mp3'),(88,'Play','Bài hát: Play \nCa sĩ: K-391, Alan Walker, Martin Tungev \nWe used to hide under the covers \nSerenade each other \nWith careless melodies \nSomething buried deep inside us \nThe major and the minor \nWe\'re like piano keys \nYou played for me \nYou played for me, Oh-oh \nYou played for me \nI swear it, even in my sleep \nI hear it like the memory \nOf everything we used to be \nYou played for me \nYou played for me \nYou played for me \nWe couldn\'t stop the world from turning \nIt was like a whirlwind \nScattered us like leaves \nBut I\'m stuck inside a feeling \nThe song that never leaves \nWe were like a symphony \nYou played for me \nYou played for me, Oh-oh \nYou played for me \nI swear it, even in my sleep \nI hear it like the memory \nOf everything we used to be \nYou played for me \nYou played for me \nYou played for me \nYou and me \nYou and me \nYou and me \nYou and me \nYou and me \nYou and me \nYou played for me \nI swear it, even in my sleep \nI hear it like the memory \nOf everything we used to be \nYou played for me',0,0,'/resources/audio/Play.mp3'),(89,'Faded','Faded',0,0,'/resources/audio/Faded.mp3'),(90,'Alone','Alone',0,0,'/resources/audio/Alone.mp3'),(91,'The Spectre','The Spectre',0,0,'/resources/audio/The Spectre.mp3'),(92,'As Long As You Love Me','As Long As You Love Me',0,0,'/resources/audio/As Long As You Love Me.mp3'),(93,'Everybody','Everybody\nRock your body\nEverybody\nRock your body right\nBackstreet\'s back alright\nOh my God we\'re back again\nBrothers, sisters, everybody sing\nWe\'re gonna bring the flavor show you how\nI\'ve gotta question for ya\nBetter answer now\nAm I original? (yeah)\nAm I the only one? (yeah)\nAm I sexual? (yeah)\nAm I everything you need?\nYou better rock you body now\nEverybody\nRock your body\nEverybody\nRock your body right\nBackstreet\'s back alright\nNow throw your hands up in the air\nAnd wave \'em around like you just don\'t care\nIf you wanna party let me hear you yell\n\'Cause we\'ve got it goin\' on again\nAm I original? (yeah)\nAm I the only one? (yeah)\nAm I sexual? (yeah)\nAm I everything you need?\nYou better rock you body now\nEverybody\nRock your body\nEverybody\nRock your body right\nBackstreet\'s back alright\nEverybody\nRock your body\nEverybody\nRock your body right\nBackstreet\'s back alright\nEverybody\nRock your body\nEverybody\nRock your body right\nBackstreet\'s back alright',0,0,'/resources/audio/Everybody.mp3'),(94,'I Want It That Way','Yeah\nYou are my fire\nThe one desire\nBelieve when I say\nI want it that way\nBut we are two worlds apart\nCan\'t reach to your heart\nWhen you say\nThat I want it that way\nTell me why\nAin\'t nothin\' but a heartache\nTell me why\nAin\'t nothin\' but a mistake\nTell me why\nI never want to hear you say\nI want it that way\nAm I, your fire?\nYour one, desire\nYes I know, it\'s too late\nBut I want it that way\nTell me why\nAin\'t nothin\' but a heartache\nTell me why\nAin\'t nothin\' but a mistake\nTell me why,\nI never want to hear you say\nI want it that way\nNow I can see that we\'ve fallen apart\nFrom the way that it used to be, yeah\nNo matter the distance\nI want you to know\nThat deep down inside of me\nYou are my fire\nThe one desire\nYou are (you are, you are, you are)\nDon\'t want to hear you say\nAin\'t nothin\' but a heartache\nAin\'t nothin\' but a mistake\n(Don\'t want to hear you say)\nI never want to hear you say\nI want it that way\nTell me why\nAin\'t nothin\' but a heartache\nTell me why\nAin\'t nothin\' but a mistake\nTell me why\nI never want to hear you say\nI want it that way\nTell me why\nAin\'t nothin\' but a heartache\nAin\'t nothin\' but a mistake\nTell me why\nI never want to hear you say\n(Never want to hear you say it)\nI want it that way\n\'Cause I want it that way',0,0,'/resources/audio/I Want It That Way.mp3'),(95,'Larger Than Life','I may run and hide\nWhen you\'re screamin\' my name, alright\nBut let me tell you now\nThere are prices to fame, alright\nAll of our time spent in flashes of light\nAll you people can\'t you see, can\'t you see\nHow your love\'s affecting our reality\nEvery time we\'re down\nYou can make it right\nAnd that makes you larger than life\nLooking at the crowd\nAnd I see your body sway, c\'mon\nWishin\' I could thank you in a different way, c\'mon\n\'Cause all of your time spent keeps us alive\nAll you people can\'t you see, can\'t you see\nHow your love\'s affecting our reality\nEvery time we\'re down\nYou can make it right\nAnd that makes you larger than life\nAll of your time spent keeps us alive\nAll you people can\'t you see, can\'t you see\nHow your love\'s affecting our reality\nEvery time we\'re down\nYou can make it right\nAnd that makes you larger than life\nYeah, every time we\'re down\nYeah, you can make it right\nYeah, and that\'s what makes you larger than life\nAll you people can\'t you see, can\'t you see\nHow your love\'s affecting our reality\nEvery time we\'re down\nYou can make it right\nAnd that makes you larger\nThat makes you larger\nThat makes you larger than life',0,0,'/resources/audio/Larger Than Life.mp3'),(96,'Quit Playing Games (With My Heart)','Baby, oh\nEven in my heart I see\nYou\'re not bein\' true to me\nDeep within my soul I feel\nNothing\'s like it used to be\nSometimes I wish I could turn back time\nImpossible as it may seem\nBut I wish I could so bad, baby\nQuit playin\' games with my heart\nQuit playin\' games with my heart\nBefore you tear us apart (my heart)\nQuit playin\' games with my heart\nI should\'ve known from the start\nYou know you got to stop (from my heart)\nYou\'re tearing us apart (my heart)\nQuit playin\' games with my heart\nI live my life the way\nTo keep you comin\' back to me\nEverything I do is for you\nSo what is it that you can\'t see\nSometimes I wish I could turn back time\nImpossible as it may seem\nBut I wish I could so bad, baby\nYou better quit playin\' games with my heart\nQuit playin\' games with my heart\nBefore you tear us apart (my heart)\nQuit playin\' games with my heart\nI should\'ve known from the start\nYou know you got to stop (from my heart)\nYou\'re tearing us apart (my heart)\nQuit playin\' games\nBaby, baby the love that we had was so strong\nDon\'t leave me hangin\' here forever\nOh baby, baby this is not right\nLet\'s stop this tonight\nBaby, (oh) quit playin\' games\nBaby\nSometimes I wish I could\nTurn back time, impossible as it may seem\nBut I wish I could so bad, baby\nQuit playin\' games with my heart\nQuit playin\' games with my heart\nBefore you tear us apart (my heart)\nQuit playin\' games with my heart\nI should\'ve known from the start\nYou know you got to stop (from my heart)\nYou\'re tearing us apart (my heart)\nQuit playin\' games with my heart\nQuit playin\' games with my heart\nBaby\nQuit playin\' games with my heart\nWith my heart\nMy heart\nWith my heart',0,0,'/resources/audio/Quit Playing Games (With My Heart).mp3'),(97,'Crying in the Club (Official Music Video)','You think, that you\'ll die without him\nYou know, that\'s a lie that you tell yourself\nYou fear, that you\'ll lay alone forever now\nIt ain\'t true, ain\'t true, ain\'t true, no\nSo put your arms around me tonight\nLet the music lift you up\nLike you\'ve never been so high\nOpen up your heart to me\nLet the music lift you up\nLike you\'ve never been this free\n\'Til you feel the sunrise\nLet the music warm your body\nLike the heat of a thousand fires\nThe heat of a thousand fires\nAin\'t no crying in the club (hey, hey)\nLet the beat carry away, your tears as they fall baby\nAin\'t no crying in the club (hey, hey)\nWith a little faith, your tears turn to ecstasy\nAin\'t no crying in the club\nI won\'t, I won\'t, I\nAin\'t no crying in the club\nI won\'t, I won\'t, I\nAin\'t no crying in the club\nYou may think, that you\'ll die without her\nBut you know, that\'s a lie that you told yourself\nYou fear, that you\'ll never meet another so pure, but\nIt ain\'t true, ain\'t true, ain\'t true, no\nSo put your arms around me tonight\nLet the music lift you up\nLike you\'ve never been so high\nOpen up your heart to me\nLet the music lift you up\nLike you\'ve never been this free\n\'Til you feel the sunrise\nLet the music warm your body\nLike the heat of a thousand fires\nThe heat of a thousand fires\nAin\'t no crying in the club (hey, hey)\nLet the beat carry away, your tears as they fall baby\nAin\'t no crying in the club (hey, hey)\nWith a little faith, your tears turn to ecstasy\nAin\'t no crying in the club\nI won\'t, I won\'t, I\nAin\'t no crying in the club\nI won\'t, I won\'t, I\nAin\'t no crying in the club\nYou think, that you\'ll die without him\nYou know, that\'s a lie that you tell yourself\nYou fear, that you\'ll lay alone forever now\nIt ain\'t true, ain\'t true, ain\'t true\nI said ain\'t no (ain\'t no)\nAin\'t no crying\nAin\'t no crying in the club, no crying\nI said ain\'t no (ain\'t no)\nAin\'t no crying\nAin\'t no crying in the club, no crying\nAin\'t no crying in the club (hey, hey)\nLet the beat carry away, your tears as they fall baby\nAin\'t no crying in the club (hey, hey)\nWith a little faith, your tears turn to ecstasy\nAin\'t no crying in the club\nI won\'t, I won\'t, I\nAin\'t no crying in the club\nI won\'t, I won\'t, I\nAin\'t no crying in the club (ain\'t no crying, no crying, no crying, no)\nI won\'t, I won\'t, I\nAin\'t no crying in the club (ain\'t no crying, no crying, no crying, no)\nI won\'t, I won\'t, I\nAin\'t no crying in the club',0,0,'/resources/audio/Crying in the Club (Official Music Video).mp3'),(98,'Havana (Audio) ft. Young Thug','Hey\nHavana, ooh na-na (ay)\nHalf of my heart is in Havana, ooh-na-na (ay, ay)\nHe took me back to East Atlanta, na-na-na\nOh, but my heart is in Havana (ay)\nThere\'s somethin\' \'bout his manners (uh huh)\nHavana, ooh na-na (uh)\nHe didn\'t walk up with that \"how you doin\'?\" (uh)\n(When he came in the room)\nHe said there\'s a lot of girls I can do with (uh)\n(But I can\'t without you)\nI knew him forever in a minute (hey)\n(That summer night in June)\nAnd papa says he got malo in him (uh)\nHe got me feelin\' like\nOoh-ooh-ooh, I knew it when I met him\nI loved him when I left him\nGot me feelin\' like\nOoh-ooh-ooh, and then I had to tell him\nI had to go, oh na-na-na-na-na\nHavana, ooh na-na (ay, ay)\nHalf of my heart is in Havana, ooh-na-na (ay, ay)\nHe took me back to East Atlanta, na-na-na (uh huh)\nOh, but my heart is in Havana (ay)\nMy heart is in Havana (ay)\nHavana, ooh na-na\nJeffery\nJust graduated, fresh on campus, mm\nFresh out East Atlanta with no manners, damn\nFresh out East Atlanta\nBump on her bumper like a traffic jam\nHey, I was quick to pay that girl like Uncle Sam (here you go, ay)\nBack it on me, shawty cravin\' on me\nGet to diggin\' on me (on me)\nShe waited on me (then what?)\nShawty cakin\' on me, got the bacon on me (wait up)\nThis is history in the makin\' on me (on me)\nPoint blank, close range, that be\nIf it cost a million, that\'s me (that\'s me)\nI was gettin\' mula, man they feel me\nHavana, ooh na-na (ay, ay)\nHalf of my heart is in Havana, ooh-na-na (oh, ay, ay)\nHe took me back to East Atlanta, na-na-na (oh no)\nOh, but my heart is in Havana (ay)\nMy heart is in Havana (ay)\nHavana, ooh na-na\nOoh na-na, oh na-na-na (oo-ooh)\nTake me back, back, back like\nOoh na-na, oh na-na-na (yeah, babe)\nTake me back, back, back like\nOoh na-na, oh na-na-na (yea, yeah)\nTake me back, back, back like\nOoh na-na, oh na-na-na (yea, babe)\nTake me back, back, back\n(Hey, hey)\nOoh-ooh-ooh\nOoh-ooh-ooh\nTake me back to my Havana\nHavana, ooh na-na\nHalf of my heart is in Havana, ooh-na-na (oh, yeah)\nHe took me back to East Atlanta, na-na-na (ay, ay)\nOh, but my heart is in Havana\nMy heart is in Havana (ay)\nHavana, ooh na-na\nUh huh\nOh na-na-na (oh na, yeah)\nOh na-na-na\nOh na-na-na\nNo, no, no, take me back\nOh na-na-na\nHavana, ooh na-na',0,0,'/resources/audio/Havana (Audio) ft. Young Thug.mp3'),(99,'Know No Better (feat. Travis Scott, Camila Cabello _ Quavo)','Yeah\nStraight up!\nWrist lookin\' like it been dipped\nDipped in that, dipped in that, dipped in that\nScript lookin\' like it been flipped\nFlippin\' that, flippin\' that, flippin\' that\nPull up in that foreign, my God\nWhole squad get in that, get in that\nPlease say it ain\'t true\nI had to go and cop two\nHell nah, we can\'t fit in that\nWild ones, like we fresh out the cage\nShowtime baby, fresh off the stage\nBad lil\' mama, fresh off the page\nFront like you love it, but you know that you hate it\nYeah you know no better (no better)\nYeah you know no better\nYeah you know no better, ooh\nYeah, you know no better\nSay you different, who you kidding?\nYeah, you know no better\nO-oh, save that talk for the ones who don\'t know no better\n\'Cause baby I know you better\n\'Cause baby I know no better\nBaby I know you better (baby I know)\nBaby I know you better\nBaby I know you better (straight up)\nBaby I know you better\nBaby I know, I know no better\nTop dropped off on my whip\nWippin\' that, wippin\' that, wippin\' that\nYellow and that purple on mix\nMixin\' that, mixin\' that, mixin\' that\nCopped my bitch from the tropics (yeah)\nYou know where she sitting at\nTaking shots, pouring bottle after bottle after bottle\nHell nah, we ain\'t sipping that\nWild ones, like we fresh out the cage\nShowtime baby, fresh off the stage\nBad lil\' mama, fresh off the page\nFront like you love it, but you know that you hate it\nYeah you know no better (no better)\nYeah you know no better\nYeah you know no better, ooh\nYeah, you know no better\nSay you different, who you kidding?\nYeah, you know no better\nO-oh, save that talk for the ones who don\'t know no better\n\'Cause baby I know you better\n\'Cause baby I know no better\nBaby I know you better (baby I know)\nBaby I know you better\nBaby I know you better\nBaby I know you better\nBaby I know, I know no better\nQuavo!\nDrop top on the whip (drop top)\nDab of ranch on the chips (dab)\nIce cream gave her chills (ice cream)\nToo much cash pay the bills\nI make her ride Mercedes (skrr skrr)\nI can afford the latest\nBaby ignore the ratings (ignore \'em)\nJust pull up, we pop out, we raging\nWe know no better (no)\nStack my bread up (stack)\nDon\'t get fed up (nope)\nAin\'t gonna let up (yeah)\nYou told me to shut up (shut up)\nBut I\'ma do better (huh?)\nIt\'s not my race (woo!)\nGet out my face (get out)\nDrop my case (drop it)\nWhich way? (where?)\nDat way\nYeah, you know no better\nSay you different, who you kidding?\nYeah, you know no better\nO-oh, save that talk for the ones who don\'t know no better\n\'Cause baby I know you better\nBaby I know you better (straight up)\nBaby I know you better\nBaby I know you better\nBaby I know you better\nBaby I know, I know no better',0,0,'/resources/audio/Know No Better (feat. Travis Scott, Camila Cabello _ Quavo).mp3'),(100,'Liar','I don\'t care if you\'re here\nOr if you\'re not alone\nI don\'t care, it\'s been too long\nIt\'s kinda like we didn\'t happen\nThe way that your lips move\nThe way you whisper slow\nI don\'t care, it\'s good as gone (uh)\nI said I won\'t lose control, I don\'t want it (ooh)\nI said I won\'t get too close, but I can\'t stop it\nOh no, there you go, making me a liar\nGot me begging you for more\nOh no, there I go, startin\' up a fire\nOh no, no (oh no)\nOh no, there you go, you\'re making me a liar\nI kinda like it though\nOh no, there I go, startin\' up a fire\nOh no, no (ooh)\nYou\'re watching, I feel it (hey)\nI know I shouldn\'t stare (yeah, yeah)\nI picture your hands on me (I think I wanna let it happen)\nBut what if, you kiss me? (Yeah)\nAnd what if, I like it?\nAnd no one sees it\nI said I won\'t lose control, I don\'t want it (ooh)\nI said I won\'t get too close, but I can\'t stop it (no)\nOh no, there you go, making me a liar\nGot me begging you for more\nOh no, there I go, startin\' up a fire\nOh no, no (oh no)\nOh no, there you go, you\'re making me a liar\nI kinda like it though\nOh no, there I go, startin\' up a fire\nOh no, no\nOh no, no, no\nHere comes trouble, no, no\nStartin\' up a fire\nI don\'t believe myself when I\nSay that I don\'t need you, oh\nI don\'t believe myself when I say it\nSo, don\'t believe me\nOh no, there you go, you\'re making me a liar\nGot me begging you for more\nOh no, there I go, startin\' up a fire\nOh no, no (oh no)\nOh no, there you go, you\'re making me a liar\nI kinda like it though\nOh no, there I go, startin\' up a fire\nOh no, no\nYeah, uh, yeah\nUh, yeah\nOh no, no, no, oh no, no, no\nOh no, you\'re making me a liar\n\'Cause my clothes are on the floor\nHuh, huh, huh, uh\nOh no, no, no\nAnother fire',0,0,'/resources/audio/Liar.mp3'),(101,'My Oh My (Official Music Video) ft. DaBaby','They say he likes a good time\n(My, oh my)\nHe comes alive at midnight\n(Every night)\nMy mama doesn\'t trust him\n(My, oh my)\nHe\'s only here for one thing\nBut (so am I)\nYeah\nA little bit older\nA black leather jacket\nA bad reputation\nInsatiable habits\nHe was onto me, one look and I couldn\'t breathe\nYeah, I said, \"If you kiss me\nI might let it happen\"\nI swear on my life that I\'ve been a good girl\nTonight, I don\'t wanna be her\nThey say he likes a good time\n(My, oh my)\nHe comes alive at midnight\n(Every night)\nMy mama doesn\'t trust him\n(My, oh my)\nHe\'s only here for one thing (let\'s go)\nBut (so am I)\nLook, I\'m the type to make her turn on her daddy\nDaBaby make her forget what she learned from her daddy\nI don\'t be trippin on lil\' shawty, I let her do whatever she please\nI don\'t be kissin\' on lil\' shawty, she don\'t be kissin\' on me either\nShe came with you and then left with me, I went up a point, let\'s call it even (yeah)\nDon\'t like the car she in, gonna end up buying her a new Beamer (let\'s go)\nThat girl know what she want, she make me take it off when she see me (let\'s go)\nShe say I make her wet whenever my face pop up on TV\nI had to say, \"No disrespect, gotta do it safe or you can keep it\"\nPop star, I\'m fresh up out the trap and I\'m goin\' Bieber\nShe know I\'m a call away, she can drop a pin and I come meet her\nStand next to me, you gon\' end up catchin\' a fever (yeah, yeah, yeah)\nI\'m hot (yeah)\nI swear on my life that I\'ve been a good girl (good girl, good girl)\nTonight, I don\'t want to be her\nThey say he likes a good time\n(My, oh my)\nHe comes alive at midnight (he comes alive, oh every night)\n(Every night)\nMy mama doesn\'t trust him\n(My, oh my)\nHe\'s only here for one thing\nBut (so am I)\nMy, my, my, my, my, oh my\nMy mama doesn\'t trust you, baby\nMy, my, my, my, my, oh my\nAnd my daddy doesn\'t know you, no\nMy, my, my, my, my, oh my\nOh, my, my, my, my, my, oh my\nMy, my, my, my, my, oh my\nThey say he likes a good time\n(My, oh my)\nHe comes alive at midnight\n(Every night)\nMy mam doesn\'t trust him\n(My, oh my)\nHe\'s only here for one thing\nBut (so am I)',0,0,'/resources/audio/My Oh My (Official Music Video) ft. DaBaby.mp3'),(102,'Hãy Trao Cho Anh','La-la-la-la-la-la-la-la-la-la-la-la (Yeah, yeah)\nLa-la-la-la-la-la-la-la-la-la-la-la (Yeah, yeah)\nLa-la-la-la-la-la-la-la-la-la-la-la, la (Yeah, yeah)\n(Good boy)\nHình bóng ai đó nhẹ nhàng vụt qua nơi đây\nQuyến rũ ngây ngất loạn nhịp làm tim mê say\nCuốn lấy áng mây theo cơn sóng xô dập dìu\nNụ cười ngọt ngào cho ta tan vào phút giây miên man quên hết con đường về eh\n(Let me know your name)\nChẳng thể tìm thấy lối về eh\n(Let me know your name)\nĐiệu nhạc hòa quyện trong ánh mắt đôi môi\nDẫn lối những bối rối rung động khẽ lên ngôi\n(Và rồi khẽ, và rồi khẽ khẽ)\nChạm nhau mang vô vàn\nĐắm đuối vấn vương dâng tràn\nLấp kín chốn nhân gian\nLàn gió hoá sắc hương mơ màng\nMột giây ngang qua đời\nCất tiếng nói không nên lời\nẤm áp đến trao tay ngàn sao trời lòng càng thêm chơi vơi\nDịu êm không gian bừng sáng\nĐánh thức muôn hoa mừng\nQuấn quít hát ngân nga từng chút níu bước chân em dừng\nBao ý thơ tương tư ngẩn ngơ\nLưu dấu nơi mê cung đẹp thẫn thờ\nHãy trao cho anh\nHãy trao cho anh\nHãy trao cho anh thứ anh đang mong chờ\nHãy trao cho anh\nHãy trao cho anh\nHãy mau làm điều ta muốn vào khoảnh khắc này đê\nHãy trao cho anh\nHãy trao cho anh\nHãy trao anh trao cho anh đi những yêu thương nồng cháy\nTrao anh ái ân nguyên vẹn đong đầy\nLa-la, la-la-la-la-la\nLa-la, la-la-la-la-la\nLa-la, la-la-la-la-la\nLa-la, la-la-la-la-la\nLooking at my Gucci is about that time\nWe can smoke a blunt and pop a bottle of wine\nNow get yourself together and be ready by nine\nCuz we gon\' do some things that will shatter your spine\nCome one, undone, Snoop Dogg, Son Tung\nLong Beach is the city that I come from\nSo if you want some, get some\nBetter enough take some, take some\nChạm nhau mang vô vàn\nĐắm đuối vấn vương dâng tràn\nLấp kín chốn nhân gian làn\nGió hóa sắc hương mơ màng\nMột giây ngang qua đời\nCất tiếng nói không nên lời\nẤm áp đến trao tay ngàn sao trời lòng càng thêm chơi vơi\nDịu êm không gian bừng sáng\nĐánh thức muôn hoa mừng\nQuấn quít hát ngân nga từng chút níu bước chân em dừng\nBao ý thơ tương tư ngẩn ngơ\nLưu dấu nơi mê cung đẹp thẫn thờ\nHãy trao cho anh\nHãy trao cho anh\nHãy trao cho anh thứ anh đang mong chờ\nHãy trao cho anh\nHãy trao cho anh\nHãy mau làm điều ta muốn vào khoảnh khắc này đê\nHãy trao cho anh\nHãy trao cho anh\nHãy trao anh trao cho anh đi những yêu thương nồng cháy\nTrao anh ái ân nguyên vẹn đong đầy\nLa-la, la-la-la-la-la\nLa-la, la-la-la-la-la\nLa-la, la-la-la-la-la\nLa-la, la-la-la-la-la\nEm cho ta ngắm thiên đàng vội vàng qua chốc lát\nNhư thanh âm chứa bao lời gọi mời trong khúc hát\nLiêu xiêu ta xuyến xao rạo rực khát khao trông mong\nDịu dàng lại gần nhau hơn dang tay ôm em vào lòng\nTrao đi trao hết đi đừng ngập ngừng che dấu nữa\nQuên đi quên hết đi ngại ngùng lại gần thêm chút nữa\nChìm đắm giữa khung trời riêng hai ta như dần hòa quyện mắt nhắm mắt tay đan tay hồn lạc về miền trăng sao\nEm cho ta ngắm thiên đàng vội vàng qua chốc lát\nNhư thanh âm chứa bao lời gọi mời trong khúc hát\nLiêu xiêu ta xuyến xao rạo rực khát khao trông mong\nDịu dàng lại gần nhau hơn dang tay ôm em vào lòng\nTrao đi trao hết đi đừng ngập ngừng che dấu nữa\nQuên đi quên hết đi ngại ngùng lại gần thêm chút nữa\nChìm đắm giữa khung trời riêng hai ta như dần hòa quyện mắt nhắm mắt tay đan tay hồn lạc về miền trăng sao\nHãy trao cho anh\nHãy trao cho anh\nHãy trao cho anh\nCho anh, cho anh\nHãy trao cho anh\nHãy trao cho anh\nHãy trao cho anh\nCho anh, cho anh, cho anh\nHãy trao cho anh\nHãy trao cho anh\nHãy trao cho anh\nCho anh, cho anh\nHãy trao cho anh\nHãy trao cho anh\nHãy trao cho anh thứ anh đang mong chờ',0,0,'/resources/audio/Hãy Trao Cho Anh.mp3'),(103,'Đập Vỡ Cây Đàn','Đập vỡ cây đàn giận đời đập vỡ cây đàn\nNgười ơi người ơi! Tình ơi tình ơi!\nĐập vỡ cây đàn giận đời bạc trắng như vôi\nGiận người điên đảo quên lời\nĐập vỡ cây đàn giận người con gái yêu đàn\nBuồn ơi buồn ơi! Làm sao để nguôi\nĐập vỡ cây đàn giận người đổi trắng thay đen\nGiận đời trở như bàn tay\nChuyện ngày qua, tôi gặp người con gái\nMang giọng ca thật buồn\nEm bảo tôi rằng: Anh đi học đàn\nĐể đàn theo lúc em ca, những ngày hoa mộng đời ta\nTôi yêu nàng nên vội vàng lên tỉnh\nĐi tìm theo học đàn\nSau một năm trường, tôi trở về quê hương\nNhưng người em gái, ngày ấy đã đi rồi\nTôi hỏi thăm dò từng người trong xóm tin nàng\nNàng đâu nàng đâu, nàng đâu nàng đâu\nNgười báo tin buồn nàng gặp nhạc sĩ vang danh\nRồi cùng xây đắp gia đình\nTôi xót thương nàng và rồi tôi khóc thương mình\nĐời ơi còn chi, đàn ơi biệt ly\nĐập vỡ cây đàn giận người đổi trắng thay đen\nGiận đời trở như bàn tay\nLoi bai hat dap Vo Cay dan (Mp3) Quang Le MP3\nDap vo cay dan gian doi dap vo cay dan\nNguoi oi nguoi oi! Tinh oi tinh oi!\nDap vo cay dan gian doi bac trang nhu voi\nGian nguoi dien dao quen loi\nDap vo cay dan gian nguoi con gai yeu dan\nBuon oi buon oi! Lam sao de nguoi\nDap vo cay dan gian nguoi doi trang thay den\nGian doi tro nhu ban tay\nChuyen ngay qua, toi gap nguoi con gai\nMang giong ca that buon\nEm bao toi rang: Anh di hoc dan\nDe dan theo luc em ca, nhung ngay hoa mong doi ta\nToi yeu nang nen voi vang len tinh\nDi tim theo hoc dan\nSau mot nam truong, toi tro ve que huong\nNhung nguoi em gai, ngay ay da di roi\nToi hoi tham do tung nguoi trong xom tin nang\nNang dau nang dau, nang dau nang dau\nNguoi bao tin buon nang gap nhac si vang danh\nRoi cung xay dap gia dinh\nToi xot thuong nang va roi toi khoc thuong minh\nDoi oi con chi, dan oi biet ly\nDap vo cay dan gian nguoi doi trang thay den\nGian doi tro nhu ban tay',0,0,'/resources/audio/Đập Vỡ Cây Đàn.mp3'),(104,'Cô Hàng Xóm','Vùng ngoại ô, tôi có căn nhà tranh\nTuy bé nhưng thật xinh\nTháng ngày sống riêng một mình\nNhà gần bên, em sống trong giàu sang\nQuen gấm nhung đài trang\nĐi về xe đón đưa\nĐêm đêm dưới ánh trăng vàng\nTôi với cây đàn âm thầm thở than\nVà cô nàng bên xóm\nMỗi lúc lên đèn, sang nhà làm quen\nTôi ca không hay tôi đàn nghe cũng dở\nNhưng nàng khen nhiều và thật nhiều\nLàm tôi thấy trong tâm tư xôn sao\nNhư lời âu yếm mặn nồng\nCủa đôi lứa yêu nhau\nHai năm trôi qua, nhưng tình không dám ngỏ\nTôi sợ thân mình là bọt bèo\nLàm sao ước mơ duyên tơ mai sau\nTôi sợ ngang trái làm phận đời\nChua xót thương đau\nRồi một hôm tôi quyết đi thật xa\nTôi cố quên người ta\nNhững hình bóng trong xa mờ\nNhờ thời gian, phương thuốc hay thần tiên\nChia cách đôi tình duyên\nNên người xưa đã quên\nHôm nay đón cánh thiệp hồng\nEm báo tin mừng lấy chồng giàu sang\nĐời em nhiều may mắn\nCó nhớ anh nhạc sĩ nghèo này không?',0,0,'/resources/audio/Cô Hàng Xóm.mp3'),(105,'Scared To Be Lonely','It was great at the very start\nHands on each other\nCouldn\'t stand to be far apart\nCloser the better\nNow we\'re picking fights and slamming doors\nMagnifying all our flaws\nAnd I wonder why, wonder what for\nWhy we keep coming back for more\nIs it just our bodies? Are we both losing our minds?\nIs the only reason you\'re holding me tonight\n\'Cause we\'re scared to be lonely?\nDo we need somebody just to feel like we\'re alright?\nIs the only reason you\'re holding me tonight\n\'Cause we\'re scared to be lonely?\nToo much time, losing track of us\nWhere was the real?\nUndefined, spiraling out of touch\nForgot how it feels\nAll the messed up fights and slamming doors\nMagnifying all our flaws\nAnd I wonder why, wonder what for\nIt\'s like we keep coming back for more\nIs it just our bodies? Are we both losing our minds?\nIs the only reason you\'re holding me tonight\n\'Cause we\'re scared to be lonely?\nDo we need somebody just to feel like we\'re alright?\nIs the only reason you\'re holding me tonight\n\'Cause we\'re scared to be lonely?\nScared to be lonely\nEven when we know it\'s wrong\nBeen somebody better for us all along\nTell me, how can we keep holding on?\nHolding on tonight \'cause we\'re scared to be lonely\nEven when we know it\'s wrong\nBeen somebody better for us all along\nTell me, how can we keep holding on?\nHolding on tonight \'cause we\'re scared to be lonely\nIs it just our bodies? Are we both losing our minds?\nIs the only reason you\'re holding me tonight\n\'Cause we\'re scared to be lonely?\nScared to be lonely\nScared to be lonely\nEh, eh, scared to be lonely',0,0,'/resources/audio/Scared To Be Lonely.mp3'),(106,'Animals','We\'re the fuckin\' animals\nWe\'re the fuckin\' animals',0,0,'/resources/audio/Animals.mp3'),(107,'Stitches','I thought that I\'ve been hurt before\nBut no one\'s ever left me quite this sore\nYour words cut deeper than a knife\nNow I need someone to breathe me back to life\nGot a feeling that I\'m going under\nBut I know that I\'ll make it out alive\nIf I quit calling you my lover\nMove on\nYou watch me bleed until I can\'t breathe\nI\'m shaking falling onto my knees\nAnd now that I\'m without your kisses\nI\'ll be needing stitches\nI\'m tripping over myself\nAching begging you to come help\nAnd now that I\'m without your kisses\nI\'ll be needing stitches\nJust like a moth drawn to a flame\nOh you lured me in I couldn\'t sense the pain\nYour bitter heart cold to the touch\nNow I\'m gonna reap what I sow\nI\'m left seeing red on my own\nGot a feeling that I\'m going under\nBut I know that I\'ll make it out alive\nIf I quit calling you my lover\nMove on\nYou watch me bleed until I can\'t breathe\nI\'m shaking falling onto my knees\nAnd now that I\'m without your kisses\nI\'ll be needing stitches\nI\'m tripping over myself\nAching begging you to come help\nAnd now that I\'m without your kisses\nI\'ll be needing stitches\nNeedle and the thread\nGotta get you out of my head\nNeedle and the thread\nGonna wind up dead\nNeedle and the thread\nGotta get you out of my head\nNeedle and the thread\nGonna wind up dead\nNeedle and the thread\nGotta get you out of my head\nNeedle and the thread\nGonna wind up dead\nNeedle and the thread\nGotta get you out of my head, get you out of my head\nYou watch me bleed until I can\'t breathe\nI\'m shaking falling onto my knees (falling on my knees)\nAnd now that I\'m without your kisses\nI\'ll be needing stitches (and I\'ll be needing stitches)\nI\'m tripping over myself\nAching begging you to come help (begging baby please)\nAnd now that I\'m without your kisses\nI\'ll be needing stitches\nAnd now that I\'m without your kisses\nI\'ll be needing stitches\nAnd now that I\'m without your kisses\nI\'ll be needing stitches',0,0,'/resources/audio/Stitches.mp3'),(108,'Treat You Better','I won\'t lie to you\nI know he\'s just not right for you\nAnd you can tell me if I\'m off\nBut I see it on your face\nWhen you say that he\'s the one that you want\nAnd you\'re spending all your time\nIn this wrong situation\nAnd anytime you want it to stop\nI know I can treat you better\nThan he can\nAnd any girl like you deserves a gentleman\nTell me why are we wasting time\nOn all your wasted cryin\'\nWhen you should be with me instead\nI know I can treat you better\nBetter than he can\nI\'ll stop time for you\nThe second you say you\'d like me to\nI just wanna give you the loving that you\'re missing\nBaby, just to wake up with you\nWould be everything I need and this could be so different\nTell me what you want to do\n\'Cause I know I can treat you better\nThan he can\nAnd any girl like you deserves a gentleman\nTell me why are we wasting time\nOn all your wasted cryin\'\nWhen you should be with me instead\nI know I can treat you better\nBetter than he can\nBetter than he can\nGive me a sign\nTake my hand, we\'ll be fine\nPromise I won\'t let you down\nJust know that you don\'t\nHave to do this alone\nPromise I\'ll never let you down\n\'Cause I know I can treat you better\nThan he can\nAnd any girl like you deserves a gentleman\nTell me why are we wasting time\nOn all your wasted cryin\'\nWhen you should be with me instead\nI know I can treat you better\nBetter than he can, oh oh\nBetter than he can\nBetter than he can',0,0,'/resources/audio/Treat You Better.mp3'),(109,'Say Tình','Rót mãi những chén\nChua cay này\nLêu bêu như gã\nRu ca buồn\nLang thang bước với nỗi đau\nVới trái tim ta tật nguyền\nRót mãi những chén\nChua cay này\nLêu bêu như gã\nRu ca buồn\nLang thang bước với nỗi đau\nVới trái tim ta tật nguyền\nBuồn nào đưa ta\nQua những nỗi đau thương này\nDặn lòng ta say cho quên đi\nđôi mắt nỗi u tình\nÁnh mắt đắm đuối\nđôi môi đam mê\nđôi tay buông lơi\nEm yêu đã giết\nTa trong một đêm\nGây mê buồn\nVì yêu em nên ta\nđã hóa ngây ngô rồi\nMỗi sáng, mỗi tối\nTa điên, ta say với bóng men\nĐã thế những nỗi\nđau thương nỗi chua cay\nđâu không ai hay\nKhi em đã bước\nTheo tình vui kia đi rồi\nNào ngờ em quay lưng\nCho ta quá đau buồn\nGiữa quãng đời\nLàm người tình si quá mê dại\nÔm lòng vỡ nát\nTrút hết trong ly rượu nồng\nĐã trót đã lỡ yêu em rồi\nCon tim ta lỡ trao em rồi\nTa say ta hát nghêu ngao\nLời tình si mê\nEm có hay không nào\nRót mãi những chén\nChua cay này\nLêu bêu như gã\nRu ca buồn\nLang thang bước với nỗi đau\nVới trái tim ta tật nguyền\nBuồn nào đưa ta\nQua những nỗi đau thương này\nDặn lòng ta say cho quên đi\nđôi mắt nỗi u tình\nÁnh mắt đắm đuối\nđôi môi đam mê\nđôi tay buông lơi\nEm yêu đã giết\nTa trong một đêm\nGây mê buồn\nVì yêu em nên ta\nđã hóa ngây ngô rồi\nMỗi sáng, mỗi tối\nTa điên, ta say với bóng men\nĐã thế những nỗi\nđau thương nỗi chua cay\nđâu không ai hay\nKhi em đã bước\nTheo tình vui kia đi rồi\nNào ngờ em quay lưng\nCho ta quá đau buồn\nGiữa quãng đời\nLàm người tình si quá mê dại\nÔm lòng vỡ nát\nTrút hết trong ly rượu nồng\nĐã trót đã lỡ yêu em rồi\nCon tim ta lỡ trao em rồi\nTa say ta hát nghêu ngao\nLời tình si mê\nEm có hay không nào\nRót mãi những chén\nChua cay này\nLêu bêu như gã\nRu ca buồn\nLang thang bước với nỗi đau\nVới trái tim ta tật nguyền\nĐã trót đã lỡ yêu em rồi\nCon tim ta lỡ trao em rồi\nTa say ta hát nghêu ngao\nLời tình si mê\nEm có hay không nào\nRót mãi những chén\nChua cay này\nLêu bêu như gã\nRu ca buồn\nLang thang bước với nỗi đau\nVới trái tim ta tật nguyền\nRót mãi những chén\nChua cay này\nLêu bêu như gã\nRu ca buồn\nLang thang bước với nỗi đau\nVới trái tim ta tật nguyền',0,0,'/resources/audio/Say Tình.mp3'),(110,'Hãy Ở Đây Đêm Nay (Remix)','Stay, người ơi xin đến đây đêm nay\nMột đêm nữa đến cùng anh nhé\nStay, người ơi xin đến đây đêm nay\nMột đêm nữa đến cùng anh nhé\n\nNgười đi có nghe nơi này\nBao đêm anh đứng lối xóm anh luôn nhớ mong\nNgười đi có nghe trong lòng\nAnh nghe trong tim anh mang một trời thương nhớ\n\nĐêm bơ vơ em ơi có biết\nSao không cho yêu nhau thắm thiết bên đời\nMai xa nhau em ơi nuối tiếc\nĐừng mang đớn đau\n\nNgoài kia gió mưa tơi bời\nSao em không đến cho anh đôi tay ấm ôm\nDù mai chúng ta không còn\nBên nhau như bao đêm anh hôn lên mắt em\nRồi em cũng theo ai về\nCon tim em không nghe theo nhịp đập đắm say\nRồi anh cũng xa nơi này\nCho em bên ai đam mê riêng anh đắng cay\n\nĐêm bơ vơ em ơi có biết\nSao không cho yêu nhau thắm thiết bên đời\nMai xa nhau em ơi nuối tiếc\nĐừng mang đớn đau',0,0,'/resources/audio/Hãy Ở Đây Đêm Nay (Remix).mp3');
/*!40000 ALTER TABLE `song` ENABLE KEYS */;
UNLOCK TABLES;

--
-- Table structure for table `song_artist`
--

DROP TABLE IF EXISTS `song_artist`;
/*!40101 SET @saved_cs_client     = @@character_set_client */;
/*!50503 SET character_set_client = utf8mb4 */;
CREATE TABLE `song_artist` (
  `song_id` int NOT NULL,
  `artist_id` int NOT NULL,
  PRIMARY KEY (`song_id`,`artist_id`),
  KEY `artist_id` (`artist_id`),
  CONSTRAINT `song_artist_ibfk_1` FOREIGN KEY (`song_id`) REFERENCES `song` (`id`),
  CONSTRAINT `song_artist_ibfk_2` FOREIGN KEY (`artist_id`) REFERENCES `artist` (`id`)
) ENGINE=InnoDB DEFAULT CHARSET=utf8mb4 COLLATE=utf8mb4_vietnamese_ci;
/*!40101 SET character_set_client = @saved_cs_client */;

--
-- Dumping data for table `song_artist`
--

LOCK TABLES `song_artist` WRITE;
/*!40000 ALTER TABLE `song_artist` DISABLE KEYS */;
INSERT INTO `song_artist` VALUES (15,1),(21,1),(29,1),(38,1),(17,2),(19,2),(38,2),(83,2),(84,2),(85,2),(86,2),(102,2),(13,3),(18,3),(103,3),(104,3),(16,4),(22,5),(30,5),(33,5),(34,5),(35,5),(36,5),(11,6),(37,6),(109,7),(110,7),(20,8),(37,11),(12,17),(14,17),(39,23),(40,23),(41,23),(42,23),(43,23),(44,24),(45,24),(46,24),(47,24),(48,25),(49,25),(50,25),(51,25),(52,25),(53,25),(54,25),(55,25),(56,25),(57,25),(58,26),(59,26),(60,26),(61,26),(62,26),(63,27),(64,27),(65,27),(66,27),(67,27),(68,27),(69,28),(70,28),(71,28),(72,28),(73,28),(74,29),(75,29),(76,29),(77,29),(78,29),(79,30),(80,30),(81,30),(82,30),(87,31),(88,31),(89,31),(90,31),(91,31),(92,32),(93,32),(94,32),(95,32),(96,32),(97,33),(98,33),(99,33),(100,33),(101,33),(105,34),(106,34),(107,35),(108,35);
/*!40000 ALTER TABLE `song_artist` ENABLE KEYS */;
UNLOCK TABLES;

--
-- Table structure for table `song_genre`
--

DROP TABLE IF EXISTS `song_genre`;
/*!40101 SET @saved_cs_client     = @@character_set_client */;
/*!50503 SET character_set_client = utf8mb4 */;
CREATE TABLE `song_genre` (
  `song_id` int NOT NULL,
  `genre_id` int NOT NULL,
  PRIMARY KEY (`song_id`,`genre_id`),
  KEY `genre_id` (`genre_id`),
  CONSTRAINT `song_genre_ibfk_1` FOREIGN KEY (`song_id`) REFERENCES `song` (`id`),
  CONSTRAINT `song_genre_ibfk_2` FOREIGN KEY (`genre_id`) REFERENCES `genre` (`id`)
) ENGINE=InnoDB DEFAULT CHARSET=utf8mb4 COLLATE=utf8mb4_vietnamese_ci;
/*!40101 SET character_set_client = @saved_cs_client */;

--
-- Dumping data for table `song_genre`
--

LOCK TABLES `song_genre` WRITE;
/*!40000 ALTER TABLE `song_genre` DISABLE KEYS */;
INSERT INTO `song_genre` VALUES (11,4),(15,4),(16,4),(17,4),(22,4),(29,4),(30,4),(33,4),(34,4),(35,4),(36,4),(37,4),(38,4),(39,4),(40,4),(41,4),(42,4),(43,4),(44,4),(45,4),(46,4),(47,4),(48,4),(49,4),(50,4),(51,4),(52,4),(53,4),(54,4),(55,4),(56,4),(57,4),(58,4),(59,4),(60,4),(61,4),(62,4),(63,4),(64,4),(65,4),(66,4),(67,4),(68,4),(69,4),(70,4),(71,4),(72,4),(73,4),(74,4),(75,4),(76,4),(77,4),(78,4),(79,4),(80,4),(81,4),(82,4),(83,4),(84,4),(85,4),(86,4),(102,4),(21,5),(38,5),(12,6),(14,6),(96,7),(19,8),(90,9),(13,22),(18,22),(20,22),(103,22),(104,22),(109,22),(11,23),(12,23),(14,23),(37,23),(58,23),(61,23),(83,23),(86,23),(102,23),(92,28),(93,28),(94,28),(95,28),(96,28),(97,28),(98,28),(100,28),(101,28),(107,28),(108,28),(110,28),(87,37),(88,37),(89,37),(90,37),(91,37),(99,37),(106,37),(99,38),(109,38),(105,39),(106,39);
/*!40000 ALTER TABLE `song_genre` ENABLE KEYS */;
UNLOCK TABLES;

--
-- Table structure for table `user`
--

DROP TABLE IF EXISTS `user`;
/*!40101 SET @saved_cs_client     = @@character_set_client */;
/*!50503 SET character_set_client = utf8mb4 */;
CREATE TABLE `user` (
  `id` int NOT NULL AUTO_INCREMENT,
  `name` varchar(100) COLLATE utf8mb4_vietnamese_ci DEFAULT NULL,
  `email` varchar(50) COLLATE utf8mb4_vietnamese_ci DEFAULT NULL,
  `password` varchar(50) COLLATE utf8mb4_vietnamese_ci DEFAULT NULL,
  `role` varchar(10) COLLATE utf8mb4_vietnamese_ci DEFAULT NULL,
  `img` varchar(255) COLLATE utf8mb4_vietnamese_ci DEFAULT NULL,
  PRIMARY KEY (`id`)
) ENGINE=InnoDB AUTO_INCREMENT=17 DEFAULT CHARSET=utf8mb4 COLLATE=utf8mb4_vietnamese_ci;
/*!40101 SET character_set_client = @saved_cs_client */;

--
-- Dumping data for table `user`
--

LOCK TABLES `user` WRITE;
/*!40000 ALTER TABLE `user` DISABLE KEYS */;
INSERT INTO `user` VALUES (1,'Nguyễn Lâm Thanh','nlthanhititiu17038@gmail.com','Ut0MumfFud6zJZGntNRsbQ==','admin','/resources/img/me.jpg'),(2,'Nguyen Lam Thanh','test6@gmail.com','Ut0MumfFud6zJZGntNRsbQ==','user','/resources/img/me.jpg'),(3,'Michael Nguyen','thanhlam1451999@gmail.com','Ut0MumfFud6zJZGntNRsbQ==','user','/resources/img/me.jpg'),(5,'nlthanhcse','lamthanh1451999@gmail.com','Ut0MumfFud6zJZGntNRsbQ==','user','/resources/img/me.jpg'),(6,'nlthanh','thanhlam1451999@gmail.com','Ut0MumfFud6zJZGntNRsbQ==','user','/resources/img/full.jpg'),(7,'Test User 1','test1@gmail.com','Ut0MumfFud6zJZGntNRsbQ==','user','/resources/img/1.png'),(8,'Test User 2','test2@gmail.com','Ut0MumfFud6zJZGntNRsbQ==','user','/resources/img/2.png'),(9,'Test User 3','test3@gmail.com','Ut0MumfFud6zJZGntNRsbQ==','user','/resources/img/3.png'),(10,'Test User 4','test4@gmail.com','Ut0MumfFud6zJZGntNRsbQ==','user','/resources/img/4.png'),(15,'toilaai','toilaai@gmail.com','Ut0MumfFud6zJZGntNRsbQ==','admin','/resources/img/bg_login.jpg'),(16,'imyour','test5@gmail.com','s+ukrlveGib2aa13ROAogw==','user',NULL);
/*!40000 ALTER TABLE `user` ENABLE KEYS */;
UNLOCK TABLES;

--
-- Table structure for table `user_album_liked`
--

DROP TABLE IF EXISTS `user_album_liked`;
/*!40101 SET @saved_cs_client     = @@character_set_client */;
/*!50503 SET character_set_client = utf8mb4 */;
CREATE TABLE `user_album_liked` (
  `user_id` int NOT NULL,
  `album_id` int NOT NULL,
  PRIMARY KEY (`album_id`,`user_id`),
  KEY `user_id` (`user_id`),
  CONSTRAINT `user_album_liked_ibfk_1` FOREIGN KEY (`album_id`) REFERENCES `album` (`id`),
  CONSTRAINT `user_album_liked_ibfk_2` FOREIGN KEY (`user_id`) REFERENCES `user` (`id`)
) ENGINE=InnoDB DEFAULT CHARSET=utf8mb4 COLLATE=utf8mb4_vietnamese_ci;
/*!40101 SET character_set_client = @saved_cs_client */;

--
-- Dumping data for table `user_album_liked`
--

LOCK TABLES `user_album_liked` WRITE;
/*!40000 ALTER TABLE `user_album_liked` DISABLE KEYS */;
INSERT INTO `user_album_liked` VALUES (5,4),(5,12),(8,5),(8,6),(8,10),(9,5),(9,6),(9,8),(9,10),(9,12),(10,5);
/*!40000 ALTER TABLE `user_album_liked` ENABLE KEYS */;
UNLOCK TABLES;

--
-- Table structure for table `user_artist_liked`
--

DROP TABLE IF EXISTS `user_artist_liked`;
/*!40101 SET @saved_cs_client     = @@character_set_client */;
/*!50503 SET character_set_client = utf8mb4 */;
CREATE TABLE `user_artist_liked` (
  `user_id` int NOT NULL,
  `artist_id` int NOT NULL,
  PRIMARY KEY (`artist_id`,`user_id`),
  KEY `user_id` (`user_id`),
  CONSTRAINT `user_artist_liked_ibfk_1` FOREIGN KEY (`artist_id`) REFERENCES `artist` (`id`),
  CONSTRAINT `user_artist_liked_ibfk_2` FOREIGN KEY (`user_id`) REFERENCES `user` (`id`)
) ENGINE=InnoDB DEFAULT CHARSET=utf8mb4 COLLATE=utf8mb4_vietnamese_ci;
/*!40101 SET character_set_client = @saved_cs_client */;

--
-- Dumping data for table `user_artist_liked`
--

LOCK TABLES `user_artist_liked` WRITE;
/*!40000 ALTER TABLE `user_artist_liked` DISABLE KEYS */;
INSERT INTO `user_artist_liked` VALUES (2,13),(5,5),(5,13),(5,15),(5,17),(7,1),(7,2),(7,5),(7,6),(7,13),(7,15),(7,20),(8,5),(8,20),(9,5),(9,13);
/*!40000 ALTER TABLE `user_artist_liked` ENABLE KEYS */;
UNLOCK TABLES;

--
-- Dumping routines for database 'musicwebreplace'
--
/*!40103 SET TIME_ZONE=@OLD_TIME_ZONE */;

/*!40101 SET SQL_MODE=@OLD_SQL_MODE */;
/*!40014 SET FOREIGN_KEY_CHECKS=@OLD_FOREIGN_KEY_CHECKS */;
/*!40014 SET UNIQUE_CHECKS=@OLD_UNIQUE_CHECKS */;
/*!40101 SET CHARACTER_SET_CLIENT=@OLD_CHARACTER_SET_CLIENT */;
/*!40101 SET CHARACTER_SET_RESULTS=@OLD_CHARACTER_SET_RESULTS */;
/*!40101 SET COLLATION_CONNECTION=@OLD_COLLATION_CONNECTION */;
/*!40111 SET SQL_NOTES=@OLD_SQL_NOTES */;

-- Dump completed on 2020-06-15 20:57:41
